,Rating
0,4
1,3
2,4
3,4
4,4
5,4
6,3
7,4
8,4
9,4
10,4
11,4
12,4
13,4
14,4
15,3
16,4
17,4
18,4
19,4
20,4
21,4
22,4
23,0
24,4
25,4
26,4
27,4
28,3
29,4
30,4
31,4
32,4
33,4
34,4
35,3
36,4
37,4
38,4
39,4
40,4
41,4
42,4
43,3
44,4
45,4
46,4
47,4
48,4
49,4
50,4
51,3
52,4
53,3
54,4
55,4
56,4
57,4
58,4
59,3
60,4
61,4
62,4
63,4
64,4
65,3
66,4
67,4
68,3
69,4
70,4
71,3
72,4
73,4
74,4
75,4
76,4
77,4
78,4
79,4
80,3
81,4
82,4
83,4
84,3
85,4
86,4
87,3
88,4
89,4
90,4
91,3
92,4
93,4
94,4
95,4
96,4
97,4
98,4
99,4
100,4
101,3
102,3
103,4
104,4
105,4
106,4
107,4
108,4
109,4
110,4
111,4
112,4
113,0
114,4
115,4
116,4
117,4
118,4
119,4
120,4
121,4
122,4
123,0
124,3
125,4
126,0
127,4
128,3
129,0
130,0
131,4
132,4
133,4
134,0
135,4
136,3
137,4
138,4
139,4
140,4
141,4
142,4
143,4
144,4
145,4
146,4
147,4
148,4
149,4
150,4
151,4
152,3
153,4
154,4
155,4
156,4
157,4
158,4
159,3
160,4
161,4
162,4
163,0
164,4
165,4
166,4
167,4
168,4
169,4
170,3
171,4
172,4
173,4
174,4
175,4
176,3
177,4
178,4
179,4
180,0
181,4
182,4
183,4
184,3
185,0
186,4
187,4
188,4
189,4
190,4
191,4
192,4
193,4
194,4
195,3
196,4
197,4
198,4
199,4
200,4
201,4
202,4
203,4
204,4
205,4
206,4
207,4
208,4
209,3
210,3
211,4
212,4
213,4
214,4
215,4
216,4
217,4
218,4
219,4
220,4
221,4
222,4
223,4
224,4
225,3
226,3
227,0
228,4
229,4
230,4
231,4
232,4
233,4
234,4
235,4
236,4
237,4
238,4
239,4
240,4
241,4
242,3
243,4
244,3
245,3
246,4
247,4
248,4
249,4
250,4
251,4
252,4
253,4
254,4
255,4
256,4
257,4
258,4
259,4
260,4
261,4
262,3
263,3
264,3
265,4
266,4
267,4
268,4
269,4
270,4
271,3
272,4
273,3
274,3
275,4
276,4
277,4
278,4
279,4
280,4
281,4
282,4
283,4
284,4
285,4
286,4
287,4
288,4
289,4
290,4
291,4
292,4
293,4
294,4
295,4
296,4
297,4
298,4
299,4
300,4
301,4
302,3
303,4
304,4
305,4
306,4
307,4
308,4
309,4
310,3
311,3
312,3
313,4
314,4
315,4
316,4
317,3
318,4
319,4
320,4
321,0
322,4
323,4
324,3
325,3
326,4
327,4
328,4
329,5
330,4
331,4
332,4
333,4
334,4
335,4
336,4
337,4
338,4
339,4
340,4
341,4
342,4
343,4
344,4
345,4
346,4
347,4
348,4
349,4
350,4
351,4
352,4
353,3
354,4
355,3
356,4
357,3
358,4
359,4
360,4
361,4
362,4
363,4
364,4
365,4
366,4
367,4
368,3
369,4
370,4
371,4
372,4
373,4
374,4
375,3
376,4
377,3
378,4
379,3
380,4
381,4
382,4
383,4
384,4
385,4
386,4
387,4
388,4
389,4
390,4
391,4
392,4
393,4
394,4
395,4
396,4
397,4
398,4
399,4
400,4
401,4
402,4
403,4
404,4
405,4
406,4
407,4
408,4
409,4
410,4
411,4
412,4
413,4
414,4
415,4
416,4
417,4
418,4
419,4
420,4
421,4
422,4
423,4
424,4
425,4
426,4
427,4
428,4
429,4
430,4
431,4
432,4
433,4
434,4
435,4
436,4
437,4
438,4
439,4
440,4
441,4
442,4
443,4
444,4
445,4
446,4
447,4
448,4
449,4
450,4
451,4
452,4
453,4
454,4
455,4
456,4
457,4
458,4
459,4
460,4
461,4
462,4
463,4
464,4
465,4
466,4
467,4
468,4
469,4
470,4
471,4
472,4
473,4
474,4
475,4
476,4
477,2
478,0
479,0
480,0
481,3
482,4
483,4
484,3
485,4
486,4
487,4
488,4
489,4
490,4
491,4
492,3
493,4
494,4
495,4
496,3
497,4
498,4
499,3
500,4
501,3
502,4
503,4
504,4
505,3
506,3
507,3
508,4
509,3
510,3
511,4
512,4
513,3
514,3
515,4
516,4
517,3
518,1
519,3
520,2
521,3
522,3
523,3
524,4
525,3
526,4
527,2
528,2
529,4
530,4
531,3
532,4
533,3
534,4
535,4
536,3
537,4
538,4
539,4
540,4
541,4
542,4
543,4
544,4
545,4
546,3
547,4
548,4
549,2
550,4
551,4
552,4
553,4
554,1
555,3
556,4
557,4
558,3
559,4
560,4
561,4
562,4
563,3
564,3
565,3
566,3
567,4
568,4
569,4
570,4
571,4
572,3
573,4
574,4
575,4
576,3
577,4
578,3
579,4
580,4
581,4
582,3
583,4
584,3
585,4
586,4
587,4
588,2
589,4
590,4
591,4
592,4
593,4
594,3
595,4
596,4
597,3
598,4
599,4
600,4
601,3
602,3
603,4
604,3
605,4
606,4
607,4
608,4
609,4
610,0
611,2
612,5
613,0
614,4
615,5
616,4
617,0
618,4
619,3
620,0
621,0
622,4
623,0
624,0
625,1
626,0
627,0
628,0
629,0
630,0
631,0
632,0
633,5
634,4
635,0
636,5
637,0
638,0
639,0
640,5
641,0
642,0
643,0
644,0
645,3
646,4
647,0
648,0
649,0
650,0
651,0
652,0
653,0
654,5
655,3
656,4
657,4
658,0
659,0
660,0
661,4
662,4
663,1
664,4
665,4
666,0
667,3
668,3
669,0
670,4
671,4
672,4
673,3
674,4
675,4
676,3
677,4
678,2
679,4
680,4
681,2
682,3
683,0
684,3
685,4
686,4
687,4
688,4
689,4
690,4
691,3
692,4
693,3
694,2
695,4
696,3
697,4
698,0
699,4
700,4
701,4
702,4
703,4
704,0
705,4
706,4
707,4
708,4
709,4
710,4
711,4
712,4
713,3
714,4
715,4
716,4
717,4
718,4
719,4
720,4
721,3
722,4
723,4
724,4
725,4
726,4
727,4
728,4
729,3
730,4
731,4
732,4
733,4
734,4
735,4
736,4
737,4
738,4
739,4
740,4
741,4
742,4
743,4
744,4
745,4
746,4
747,4
748,4
749,4
750,4
751,4
752,4
753,4
754,4
755,4
756,4
757,4
758,4
759,4
760,4
761,4
762,4
763,4
764,4
765,4
766,4
767,4
768,4
769,4
770,4
771,4
772,4
773,4
774,4
775,4
776,4
777,4
778,4
779,4
780,4
781,4
782,4
783,4
784,4
785,4
786,4
787,4
788,4
789,4
790,4
791,4
792,4
793,4
794,4
795,4
796,4
797,4
798,4
799,4
800,4
801,4
802,4
803,4
804,4
805,4
806,4
807,4
808,4
809,4
810,4
811,4
812,4
813,4
814,4
815,4
816,4
817,4
818,3
819,4
820,4
821,3
822,4
823,4
824,4
825,4
826,4
827,4
828,4
829,4
830,4
831,4
832,4
833,4
834,4
835,4
836,4
837,4
838,4
839,4
840,4
841,3
842,4
843,4
844,4
845,4
846,4
847,4
848,4
849,4
850,4
851,4
852,4
853,4
854,4
855,4
856,4
857,4
858,4
859,4
860,3
861,4
862,3
863,4
864,4
865,4
866,4
867,4
868,3
869,3
870,4
871,4
872,4
873,4
874,3
875,3
876,4
877,4
878,4
879,4
880,4
881,4
882,4
883,4
884,4
885,3
886,4
887,4
888,4
889,4
890,4
891,4
892,4
893,4
894,4
895,3
896,4
897,4
898,4
899,4
900,3
901,4
902,4
903,4
904,4
905,4
906,4
907,4
908,3
909,4
910,3
911,4
912,3
913,3
914,4
915,3
916,4
917,4
918,4
919,3
920,4
921,4
922,4
923,4
924,3
925,4
926,4
927,4
928,4
929,3
930,4
931,4
932,4
933,3
934,4
935,3
936,3
937,4
938,4
939,3
940,4
941,4
942,4
943,4
944,3
945,4
946,4
947,4
948,3
949,3
950,4
951,4
952,3
953,3
954,3
955,4
956,3
957,3
958,4
959,4
960,3
961,3
962,3
963,4
964,4
965,4
966,4
967,3
968,4
969,3
970,4
971,4
972,4
973,4
974,4
975,3
976,3
977,4
978,4
979,4
980,3
981,4
982,3
983,4
984,3
985,3
986,4
987,4
988,4
989,4
990,4
991,4
992,4
993,4
994,4
995,4
996,3
997,4
998,4
999,4
1000,4
1001,4
1002,4
1003,4
1004,4
1005,4
1006,4
1007,4
1008,4
1009,4
1010,4
1011,4
1012,4
1013,0
1014,4
1015,4
1016,4
1017,4
1018,4
1019,4
1020,4
1021,4
1022,4
1023,4
1024,0
1025,0
1026,4
1027,4
1028,5
1029,4
1030,5
1031,4
1032,0
1033,0
1034,0
1035,4
1036,4
1037,4
1038,5
1039,0
1040,3
1041,0
1042,4
1043,0
1044,4
1045,0
1046,0
1047,4
1048,4
1049,4
1050,3
1051,3
1052,3
1053,4
1054,4
1055,4
1056,3
1057,3
1058,4
1059,4
1060,4
1061,4
1062,4
1063,4
1064,3
1065,4
1066,3
1067,4
1068,4
1069,4
1070,4
1071,4
1072,4
1073,4
1074,4
1075,4
1076,4
1077,4
1078,4
1079,4
1080,4
1081,4
1082,3
1083,4
1084,4
1085,3
1086,4
1087,4
1088,4
1089,4
1090,4
1091,4
1092,4
1093,4
1094,4
1095,4
1096,4
1097,4
1098,4
1099,4
1100,4
1101,4
1102,4
1103,4
1104,4
1105,4
1106,4
1107,3
1108,4
1109,4
1110,4
1111,4
1112,4
1113,4
1114,4
1115,3
1116,4
1117,4
1118,4
1119,4
1120,4
1121,4
1122,4
1123,4
1124,3
1125,4
1126,4
1127,4
1128,4
1129,4
1130,4
1131,4
1132,4
1133,4
1134,4
1135,3
1136,4
1137,4
1138,3
1139,4
1140,4
1141,4
1142,4
1143,4
1144,4
1145,4
1146,4
1147,4
1148,4
1149,4
1150,4
1151,4
1152,4
1153,4
1154,4
1155,4
1156,4
1157,4
1158,3
1159,4
1160,4
1161,4
1162,4
1163,4
1164,4
1165,4
1166,4
1167,4
1168,4
1169,4
1170,4
1171,4
1172,4
1173,4
1174,4
1175,4
1176,3
1177,0
1178,4
1179,4
1180,0
1181,4
1182,4
1183,4
1184,4
1185,4
1186,3
1187,3
1188,3
1189,4
1190,3
1191,3
1192,4
1193,4
1194,4
1195,4
1196,4
1197,4
1198,4
1199,4
1200,4
1201,4
1202,3
1203,4
1204,4
1205,4
1206,4
1207,3
1208,4
1209,3
1210,4
1211,3
1212,4
1213,3
1214,4
1215,4
1216,4
1217,3
1218,4
1219,4
1220,4
1221,4
1222,4
1223,4
1224,4
1225,4
1226,4
1227,4
1228,4
1229,4
1230,4
1231,4
1232,4
1233,3
1234,4
1235,4
1236,4
1237,4
1238,3
1239,4
1240,4
1241,3
1242,4
1243,4
1244,4
1245,4
1246,4
1247,4
1248,4
1249,4
1250,4
1251,4
1252,4
1253,4
1254,4
1255,4
1256,4
1257,4
1258,4
1259,4
1260,4
1261,4
1262,4
1263,3
1264,4
1265,4
1266,4
1267,4
1268,4
1269,4
1270,4
1271,4
1272,4
1273,4
1274,4
1275,3
1276,4
1277,4
1278,4
1279,4
1280,4
1281,4
1282,4
1283,3
1284,4
1285,4
1286,4
1287,4
1288,4
1289,4
1290,4
1291,4
1292,4
1293,3
1294,4
1295,4
1296,4
1297,4
1298,4
1299,4
1300,4
1301,4
1302,4
1303,4
1304,4
1305,4
1306,4
1307,4
1308,4
1309,4
1310,4
1311,4
1312,4
1313,4
1314,4
1315,4
1316,4
1317,3
1318,4
1319,4
1320,4
1321,4
1322,4
1323,4
1324,4
1325,4
1326,4
1327,4
1328,4
1329,4
1330,4
1331,4
1332,4
1333,4
1334,4
1335,4
1336,4
1337,4
1338,4
1339,4
1340,4
1341,4
1342,4
1343,4
1344,4
1345,4
1346,4
1347,4
1348,4
1349,4
1350,4
1351,4
1352,4
1353,4
1354,4
1355,4
1356,4
1357,4
1358,4
1359,4
1360,4
1361,4
1362,4
1363,4
1364,4
1365,4
1366,4
1367,4
1368,4
1369,4
1370,4
1371,4
1372,4
1373,4
1374,4
1375,4
1376,4
1377,4
1378,4
1379,4
1380,4
1381,4
1382,4
1383,4
1384,4
1385,4
1386,4
1387,4
1388,4
1389,4
1390,4
1391,4
1392,4
1393,4
1394,4
1395,4
1396,4
1397,4
1398,4
1399,4
1400,3
1401,4
1402,4
1403,4
1404,4
1405,4
1406,4
1407,4
1408,4
1409,4
1410,4
1411,4
1412,4
1413,4
1414,4
1415,4
1416,4
1417,4
1418,3
1419,4
1420,4
1421,4
1422,4
1423,4
1424,4
1425,3
1426,4
1427,4
1428,4
1429,4
1430,4
1431,4
1432,4
1433,4
1434,4
1435,4
1436,4
1437,4
1438,4
1439,4
1440,4
1441,4
1442,4
1443,4
1444,4
1445,4
1446,4
1447,4
1448,4
1449,4
1450,4
1451,4
1452,4
1453,4
1454,4
1455,0
1456,4
1457,3
1458,3
1459,4
1460,4
1461,4
1462,3
1463,4
1464,4
1465,4
1466,4
1467,4
1468,3
1469,0
1470,4
1471,4
1472,3
1473,4
1474,4
1475,4
1476,4
1477,3
1478,0
1479,4
1480,3
1481,3
1482,4
1483,4
1484,0
1485,4
1486,4
1487,4
1488,3
1489,0
1490,4
1491,3
1492,3
1493,4
1494,4
1495,4
1496,4
1497,4
1498,4
1499,3
1500,4
1501,4
1502,4
1503,4
1504,4
1505,4
1506,4
1507,4
1508,4
1509,4
1510,4
1511,4
1512,4
1513,4
1514,3
1515,4
1516,4
1517,0
1518,4
1519,0
1520,0
1521,3
1522,4
1523,3
1524,4
1525,4
1526,4
1527,4
1528,3
1529,4
1530,0
1531,4
1532,4
1533,4
1534,0
1535,4
1536,0
1537,0
1538,4
1539,0
1540,0
1541,4
1542,3
1543,4
1544,3
1545,4
1546,3
1547,5
1548,3
1549,4
1550,4
1551,4
1552,0
1553,4
1554,3
1555,4
1556,4
1557,0
1558,4
1559,0
1560,4
1561,3
1562,4
1563,4
1564,4
1565,4
1566,4
1567,4
1568,4
1569,4
1570,4
1571,3
1572,4
1573,4
1574,4
1575,4
1576,3
1577,4
1578,4
1579,4
1580,3
1581,4
1582,4
1583,3
1584,4
1585,4
1586,4
1587,4
1588,4
1589,3
1590,4
1591,3
1592,4
1593,4
1594,3
1595,4
1596,3
1597,3
1598,3
1599,3
1600,3
1601,4
1602,4
1603,3
1604,3
1605,4
1606,4
1607,3
1608,4
1609,4
1610,4
1611,3
1612,4
1613,4
1614,4
1615,4
1616,4
1617,4
1618,3
1619,4
1620,4
1621,4
1622,4
1623,4
1624,4
1625,4
1626,3
1627,4
1628,4
1629,4
1630,4
1631,4
1632,3
1633,4
1634,4
1635,4
1636,4
1637,4
1638,4
1639,4
1640,4
1641,4
1642,3
1643,4
1644,4
1645,4
1646,4
1647,4
1648,4
1649,4
1650,4
1651,4
1652,4
1653,4
1654,4
1655,4
1656,4
1657,4
1658,4
1659,4
1660,4
1661,4
1662,4
1663,4
1664,4
1665,4
1666,4
1667,4
1668,4
1669,4
1670,4
1671,4
1672,4
1673,4
1674,4
1675,4
1676,4
1677,4
1678,4
1679,4
1680,4
1681,4
1682,3
1683,4
1684,4
1685,4
1686,4
1687,4
1688,4
1689,4
1690,4
1691,4
1692,4
1693,4
1694,4
1695,4
1696,4
1697,4
1698,4
1699,4
1700,4
1701,4
1702,4
1703,4
1704,4
1705,4
1706,4
1707,4
1708,4
1709,4
1710,4
1711,4
1712,4
1713,4
1714,4
1715,4
1716,4
1717,4
1718,4
1719,4
1720,4
1721,4
1722,4
1723,4
1724,4
1725,4
1726,4
1727,4
1728,4
1729,4
1730,4
1731,4
1732,4
1733,4
1734,4
1735,4
1736,4
1737,4
1738,4
1739,4
1740,4
1741,4
1742,4
1743,4
1744,4
1745,4
1746,4
1747,4
1748,4
1749,4
1750,4
1751,4
1752,4
1753,4
1754,4
1755,4
1756,4
1757,4
1758,4
1759,4
1760,4
1761,4
1762,4
1763,4
1764,4
1765,4
1766,4
1767,4
1768,4
1769,4
1770,4
1771,4
1772,4
1773,4
1774,4
1775,4
1776,4
1777,4
1778,4
1779,4
1780,4
1781,4
1782,3
1783,4
1784,3
1785,4
1786,4
1787,4
1788,4
1789,4
1790,4
1791,4
1792,4
1793,4
1794,4
1795,4
1796,4
1797,4
1798,4
1799,4
1800,4
1801,4
1802,4
1803,4
1804,4
1805,4
1806,4
1807,4
1808,4
1809,4
1810,4
1811,4
1812,4
1813,4
1814,4
1815,4
1816,4
1817,4
1818,4
1819,4
1820,4
1821,4
1822,4
1823,4
1824,4
1825,4
1826,4
1827,4
1828,4
1829,4
1830,4
1831,4
1832,4
1833,4
1834,4
1835,4
1836,4
1837,4
1838,4
1839,4
1840,4
1841,4
1842,4
1843,4
1844,4
1845,4
1846,4
1847,4
1848,4
1849,4
1850,4
1851,4
1852,4
1853,4
1854,4
1855,4
1856,4
1857,4
1858,4
1859,4
1860,4
1861,4
1862,4
1863,4
1864,4
1865,4
1866,4
1867,4
1868,4
1869,4
1870,4
1871,4
1872,4
1873,4
1874,4
1875,4
1876,4
1877,4
1878,4
1879,4
1880,4
1881,4
1882,4
1883,4
1884,4
1885,4
1886,4
1887,4
1888,4
1889,4
1890,4
1891,4
1892,4
1893,4
1894,4
1895,4
1896,4
1897,4
1898,4
1899,4
1900,4
1901,4
1902,4
1903,4
1904,4
1905,4
1906,4
1907,4
1908,4
1909,4
1910,4
1911,4
1912,4
1913,4
1914,4
1915,4
1916,4
1917,4
1918,4
1919,4
1920,4
1921,4
1922,4
1923,4
1924,4
1925,4
1926,4
1927,4
1928,4
1929,4
1930,4
1931,4
1932,4
1933,4
1934,4
1935,4
1936,4
1937,4
1938,4
1939,4
1940,4
1941,4
1942,4
1943,4
1944,4
1945,4
1946,4
1947,4
1948,4
1949,4
1950,4
1951,4
1952,4
1953,4
1954,4
1955,4
1956,4
1957,4
1958,4
1959,4
1960,4
1961,4
1962,4
1963,4
1964,4
1965,4
1966,4
1967,4
1968,4
1969,4
1970,4
1971,4
1972,4
1973,4
1974,4
1975,4
1976,4
1977,4
1978,4
1979,4
1980,4
1981,4
1982,4
1983,4
1984,4
1985,4
1986,4
1987,4
1988,4
1989,4
1990,4
1991,4
1992,4
1993,4
1994,4
1995,4
1996,4
1997,4
1998,4
1999,4
2000,4
2001,4
2002,4
2003,4
2004,4
2005,4
2006,4
2007,4
2008,4
2009,4
2010,4
2011,4
2012,4
2013,4
2014,4
2015,4
2016,4
2017,4
2018,4
2019,4
2020,4
2021,4
2022,4
2023,4
2024,4
2025,4
2026,4
2027,4
2028,4
2029,4
2030,4
2031,4
2032,4
2033,3
2034,4
2035,4
2036,4
2037,4
2038,4
2039,4
2040,4
2041,4
2042,4
2043,4
2044,4
2045,4
2046,4
2047,4
2048,4
2049,4
2050,4
2051,4
2052,4
2053,4
2054,4
2055,4
2056,4
2057,4
2058,4
2059,4
2060,4
2061,4
2062,4
2063,4
2064,4
2065,4
2066,4
2067,4
2068,4
2069,4
2070,4
2071,4
2072,4
2073,4
2074,4
2075,4
2076,4
2077,4
2078,3
2079,4
2080,4
2081,4
2082,3
2083,4
2084,4
2085,4
2086,4
2087,3
2088,4
2089,4
2090,4
2091,4
2092,4
2093,4
2094,4
2095,4
2096,4
2097,4
2098,4
2099,4
2100,4
2101,4
2102,4
2103,4
2104,4
2105,4
2106,4
2107,4
2108,4
2109,4
2110,4
2111,0
2112,4
2113,4
2114,4
2115,4
2116,4
2117,4
2118,4
2119,4
2120,4
2121,4
2122,4
2123,4
2124,4
2125,4
2126,4
2127,4
2128,4
2129,4
2130,4
2131,4
2132,4
2133,4
2134,4
2135,4
2136,4
2137,4
2138,4
2139,4
2140,4
2141,4
2142,4
2143,4
2144,4
2145,4
2146,3
2147,4
2148,4
2149,4
2150,4
2151,4
2152,4
2153,4
2154,4
2155,4
2156,4
2157,4
2158,4
2159,4
2160,4
2161,4
2162,4
2163,4
2164,4
2165,4
2166,4
2167,3
2168,4
2169,4
2170,4
2171,4
2172,4
2173,4
2174,4
2175,4
2176,4
2177,4
2178,3
2179,4
2180,4
2181,4
2182,3
2183,4
2184,4
2185,3
2186,4
2187,4
2188,3
2189,4
2190,4
2191,4
2192,4
2193,4
2194,4
2195,3
2196,4
2197,4
2198,3
2199,4
2200,4
2201,3
2202,4
2203,4
2204,4
2205,4
2206,4
2207,4
2208,4
2209,4
2210,3
2211,4
2212,4
2213,3
2214,4
2215,4
2216,4
2217,3
2218,4
2219,4
2220,4
2221,3
2222,4
2223,4
2224,4
2225,4
2226,4
2227,4
2228,4
2229,4
2230,4
2231,4
2232,4
2233,4
2234,4
2235,4
2236,4
2237,4
2238,4
2239,4
2240,4
2241,4
2242,4
2243,4
2244,4
2245,4
2246,4
2247,4
2248,4
2249,3
2250,4
2251,4
2252,4
2253,4
2254,4
2255,4
2256,4
2257,4
2258,3
2259,4
2260,2
2261,4
2262,5
2263,4
2264,3
2265,0
2266,3
2267,4
2268,4
2269,4
2270,4
2271,5
2272,4
2273,3
2274,4
2275,4
2276,4
2277,4
2278,3
2279,4
2280,0
2281,4
2282,4
2283,4
2284,4
2285,4
2286,4
2287,4
2288,4
2289,4
2290,4
2291,4
2292,4
2293,4
2294,0
2295,2
2296,4
2297,4
2298,4
2299,4
2300,3
2301,3
2302,4
2303,4
2304,4
2305,4
2306,4
2307,4
2308,4
2309,3
2310,4
2311,4
2312,4
2313,3
2314,3
2315,4
2316,4
2317,2
2318,4
2319,4
2320,4
2321,4
2322,4
2323,4
2324,4
2325,4
2326,4
2327,3
2328,3
2329,3
2330,4
2331,4
2332,4
2333,4
2334,4
2335,4
2336,3
2337,3
2338,4
2339,4
2340,4
2341,3
2342,4
2343,4
2344,4
2345,3
2346,4
2347,4
2348,4
2349,4
2350,4
2351,2
2352,4
2353,4
2354,4
2355,3
2356,0
2357,4
2358,4
2359,4
2360,3
2361,4
2362,3
2363,4
2364,4
2365,4
2366,4
2367,4
2368,3
2369,4
2370,4
2371,4
2372,4
2373,4
2374,4
2375,4
2376,4
2377,4
2378,4
2379,4
2380,4
2381,4
2382,4
2383,3
2384,4
2385,4
2386,4
2387,3
2388,4
2389,4
2390,0
2391,4
2392,3
2393,4
2394,4
2395,4
2396,4
2397,4
2398,4
2399,4
2400,4
2401,4
2402,3
2403,2
2404,4
2405,4
2406,4
2407,4
2408,3
2409,4
2410,4
2411,2
2412,3
2413,3
2414,4
2415,3
2416,4
2417,4
2418,3
2419,0
2420,4
2421,4
2422,0
2423,0
2424,0
2425,0
2426,3
2427,5
2428,3
2429,3
2430,0
2431,0
2432,0
2433,0
2434,0
2435,0
2436,0
2437,0
2438,0
2439,0
2440,0
2441,0
2442,0
2443,0
2444,3
2445,5
2446,0
2447,0
2448,5
2449,0
2450,5
2451,0
2452,5
2453,0
2454,5
2455,5
2456,0
2457,5
2458,5
2459,5
2460,0
2461,0
2462,0
2463,4
2464,4
2465,0
2466,0
2467,0
2468,0
2469,0
2470,0
2471,0
2472,5
2473,0
2474,0
2475,4
2476,4
2477,5
2478,0
2479,0
2480,0
2481,0
2482,4
2483,0
2484,5
2485,0
2486,4
2487,2
2488,4
2489,4
2490,4
2491,4
2492,2
2493,4
2494,4
2495,4
2496,4
2497,4
2498,0
2499,3
2500,4
2501,0
2502,0
2503,0
2504,4
2505,4
2506,3
2507,4
2508,4
2509,4
2510,3
2511,4
2512,3
2513,0
2514,4
2515,3
2516,0
2517,2
2518,5
2519,4
2520,3
2521,3
2522,5
2523,3
2524,4
2525,4
2526,4
2527,5
2528,4
2529,0
2530,4
2531,3
2532,4
2533,5
2534,3
2535,2
2536,4
2537,4
2538,4
2539,4
2540,0
2541,3
2542,3
2543,4
2544,4
2545,4
2546,4
2547,4
2548,4
2549,4
2550,4
2551,4
2552,4
2553,4
2554,4
2555,4
2556,4
2557,4
2558,4
2559,4
2560,4
2561,4
2562,4
2563,4
2564,4
2565,4
2566,4
2567,4
2568,4
2569,4
2570,4
2571,4
2572,4
2573,4
2574,4
2575,4
2576,4
2577,3
2578,4
2579,4
2580,4
2581,4
2582,4
2583,4
2584,4
2585,4
2586,4
2587,4
2588,4
2589,4
2590,4
2591,4
2592,4
2593,4
2594,4
2595,4
2596,4
2597,4
2598,4
2599,4
2600,3
2601,3
2602,3
2603,4
2604,4
2605,3
2606,4
2607,4
2608,4
2609,4
2610,4
2611,4
2612,4
2613,4
2614,4
2615,4
2616,4
2617,4
2618,4
2619,4
2620,3
2621,4
2622,4
2623,4
2624,4
2625,4
2626,4
2627,4
2628,4
2629,4
2630,4
2631,4
2632,4
2633,4
2634,4
2635,4
2636,4
2637,4
2638,4
2639,4
2640,4
2641,4
2642,4
2643,4
2644,4
2645,4
2646,4
2647,4
2648,4
2649,4
2650,4
2651,4
2652,4
2653,4
2654,4
2655,4
2656,4
2657,4
2658,4
2659,4
2660,4
2661,4
2662,4
2663,4
2664,4
2665,4
2666,4
2667,4
2668,4
2669,4
2670,3
2671,4
2672,4
2673,3
2674,4
2675,3
2676,4
2677,3
2678,4
2679,4
2680,4
2681,4
2682,4
2683,4
2684,4
2685,4
2686,4
2687,4
2688,4
2689,4
2690,4
2691,4
2692,4
2693,4
2694,3
2695,4
2696,4
2697,4
2698,4
2699,4
2700,3
2701,4
2702,3
2703,4
2704,4
2705,4
2706,4
2707,4
2708,4
2709,4
2710,4
2711,4
2712,4
2713,4
2714,4
2715,4
2716,4
2717,4
2718,4
2719,4
2720,4
2721,4
2722,4
2723,4
2724,4
2725,4
2726,4
2727,4
2728,4
2729,4
2730,4
2731,4
2732,4
2733,4
2734,4
2735,4
2736,4
2737,4
2738,4
2739,4
2740,4
2741,4
2742,4
2743,4
2744,4
2745,4
2746,4
2747,4
2748,4
2749,4
2750,4
2751,4
2752,4
2753,4
2754,4
2755,4
2756,4
2757,4
2758,4
2759,3
2760,4
2761,4
2762,4
2763,4
2764,4
2765,4
2766,4
2767,4
2768,4
2769,4
2770,4
2771,4
2772,4
2773,4
2774,4
2775,4
2776,4
2777,4
2778,4
2779,4
2780,4
2781,4
2782,4
2783,4
2784,4
2785,4
2786,4
2787,4
2788,4
2789,4
2790,4
2791,4
2792,4
2793,4
2794,4
2795,4
2796,4
2797,4
2798,3
2799,4
2800,4
2801,4
2802,4
2803,4
2804,4
2805,4
2806,4
2807,4
2808,4
2809,3
2810,4
2811,4
2812,4
2813,4
2814,4
2815,4
2816,4
2817,4
2818,4
2819,4
2820,3
2821,4
2822,4
2823,4
2824,3
2825,4
2826,4
2827,4
2828,4
2829,4
2830,4
2831,4
2832,4
2833,4
2834,4
2835,4
2836,4
2837,4
2838,4
2839,4
2840,4
2841,4
2842,4
2843,4
2844,4
2845,4
2846,4
2847,4
2848,4
2849,4
2850,4
2851,4
2852,4
2853,4
2854,4
2855,4
2856,4
2857,4
2858,4
2859,4
2860,4
2861,4
2862,4
2863,3
2864,4
2865,4
2866,4
2867,4
2868,4
2869,4
2870,4
2871,4
2872,4
2873,4
2874,4
2875,4
2876,4
2877,4
2878,4
2879,4
2880,4
2881,3
2882,4
2883,4
2884,4
2885,4
2886,4
2887,4
2888,4
2889,4
2890,4
2891,4
2892,4
2893,4
2894,4
2895,4
2896,4
2897,4
2898,4
2899,4
2900,4
2901,4
2902,4
2903,4
2904,4
2905,4
2906,4
2907,4
2908,4
2909,4
2910,4
2911,4
2912,4
2913,3
2914,4
2915,4
2916,4
2917,4
2918,4
2919,4
2920,4
2921,4
2922,4
2923,4
2924,4
2925,4
2926,4
2927,4
2928,4
2929,4
2930,4
2931,4
2932,4
2933,4
2934,4
2935,4
2936,4
2937,4
2938,4
2939,4
2940,3
2941,4
2942,4
2943,4
2944,4
2945,4
2946,4
2947,4
2948,4
2949,4
2950,4
2951,4
2952,4
2953,4
2954,4
2955,4
2956,4
2957,4
2958,4
2959,4
2960,4
2961,4
2962,4
2963,4
2964,4
2965,4
2966,4
2967,4
2968,4
2969,4
2970,4
2971,4
2972,4
2973,4
2974,4
2975,4
2976,4
2977,4
2978,3
2979,3
2980,4
2981,4
2982,4
2983,4
2984,4
2985,4
2986,4
2987,4
2988,4
2989,4
2990,4
2991,4
2992,4
2993,4
2994,4
2995,4
2996,4
2997,4
2998,4
2999,4
3000,4
3001,3
3002,4
3003,3
3004,4
3005,3
3006,4
3007,4
3008,4
3009,4
3010,4
3011,4
3012,4
3013,4
3014,4
3015,4
3016,4
3017,4
3018,4
3019,4
3020,4
3021,3
3022,4
3023,2
3024,4
3025,4
3026,4
3027,4
3028,4
3029,4
3030,4
3031,4
3032,4
3033,4
3034,3
3035,4
3036,4
3037,4
3038,4
3039,4
3040,4
3041,4
3042,4
3043,4
3044,4
3045,4
3046,3
3047,4
3048,4
3049,4
3050,4
3051,4
3052,4
3053,4
3054,4
3055,4
3056,4
3057,4
3058,4
3059,4
3060,4
3061,4
3062,4
3063,4
3064,4
3065,4
3066,4
3067,4
3068,4
3069,4
3070,4
3071,4
3072,4
3073,4
3074,4
3075,3
3076,4
3077,3
3078,4
3079,4
3080,4
3081,4
3082,4
3083,4
3084,4
3085,4
3086,4
3087,4
3088,4
3089,4
3090,4
3091,4
3092,4
3093,4
3094,4
3095,3
3096,4
3097,4
3098,3
3099,4
3100,4
3101,4
3102,4
3103,4
3104,4
3105,4
3106,4
3107,4
3108,4
3109,4
3110,4
3111,4
3112,4
3113,4
3114,4
3115,4
3116,4
3117,4
3118,4
3119,4
3120,4
3121,4
3122,4
3123,3
3124,3
3125,4
3126,4
3127,4
3128,3
3129,4
3130,4
3131,3
3132,3
3133,3
3134,4
3135,3
3136,4
3137,3
3138,3
3139,3
3140,3
3141,4
3142,3
3143,3
3144,4
3145,4
3146,3
3147,3
3148,4
3149,4
3150,4
3151,4
3152,4
3153,3
3154,4
3155,4
3156,4
3157,4
3158,3
3159,4
3160,3
3161,4
3162,4
3163,4
3164,4
3165,3
3166,4
3167,4
3168,4
3169,4
3170,4
3171,4
3172,4
3173,4
3174,3
3175,4
3176,4
3177,4
3178,4
3179,3
3180,4
3181,4
3182,4
3183,4
3184,4
3185,3
3186,4
3187,4
3188,3
3189,4
3190,3
3191,4
3192,4
3193,3
3194,4
3195,4
3196,4
3197,4
3198,4
3199,4
3200,4
3201,4
3202,4
3203,4
3204,4
3205,4
3206,4
3207,4
3208,4
3209,4
3210,4
3211,4
3212,4
3213,4
3214,4
3215,4
3216,4
3217,4
3218,4
3219,4
3220,4
3221,4
3222,4
3223,4
3224,4
3225,4
3226,4
3227,4
3228,4
3229,4
3230,4
3231,4
3232,4
3233,4
3234,4
3235,4
3236,4
3237,4
3238,4
3239,4
3240,4
3241,4
3242,4
3243,4
3244,4
3245,4
3246,4
3247,3
3248,4
3249,4
3250,3
3251,4
3252,0
3253,4
3254,4
3255,4
3256,4
3257,4
3258,0
3259,4
3260,4
3261,4
3262,3
3263,3
3264,4
3265,4
3266,3
3267,3
3268,3
3269,3
3270,4
3271,3
3272,4
3273,3
3274,4
3275,3
3276,3
3277,3
3278,3
3279,3
3280,3
3281,4
3282,4
3283,4
3284,4
3285,4
3286,4
3287,4
3288,4
3289,4
3290,4
3291,4
3292,4
3293,4
3294,4
3295,4
3296,4
3297,4
3298,4
3299,4
3300,4
3301,4
3302,4
3303,4
3304,3
3305,4
3306,4
3307,4
3308,4
3309,4
3310,4
3311,4
3312,4
3313,4
3314,4
3315,4
3316,4
3317,4
3318,4
3319,4
3320,4
3321,4
3322,4
3323,4
3324,4
3325,4
3326,4
3327,4
3328,4
3329,4
3330,4
3331,4
3332,4
3333,4
3334,4
3335,4
3336,4
3337,4
3338,4
3339,4
3340,4
3341,4
3342,4
3343,4
3344,4
3345,4
3346,3
3347,4
3348,4
3349,4
3350,4
3351,4
3352,4
3353,4
3354,4
3355,4
3356,4
3357,4
3358,4
3359,4
3360,4
3361,4
3362,4
3363,4
3364,4
3365,4
3366,4
3367,4
3368,4
3369,4
3370,4
3371,4
3372,4
3373,4
3374,4
3375,4
3376,4
3377,4
3378,4
3379,4
3380,4
3381,4
3382,4
3383,4
3384,4
3385,4
3386,4
3387,4
3388,3
3389,4
3390,4
3391,4
3392,4
3393,4
3394,4
3395,4
3396,4
3397,4
3398,4
3399,4
3400,4
3401,4
3402,4
3403,4
3404,3
3405,4
3406,4
3407,4
3408,4
3409,4
3410,4
3411,4
3412,4
3413,4
3414,4
3415,4
3416,4
3417,4
3418,4
3419,4
3420,4
3421,4
3422,4
3423,4
3424,4
3425,4
3426,4
3427,4
3428,4
3429,4
3430,4
3431,4
3432,4
3433,4
3434,4
3435,4
3436,4
3437,4
3438,4
3439,4
3440,4
3441,4
3442,4
3443,4
3444,4
3445,4
3446,4
3447,4
3448,4
3449,4
3450,4
3451,4
3452,4
3453,4
3454,4
3455,3
3456,4
3457,4
3458,4
3459,4
3460,3
3461,4
3462,4
3463,4
3464,4
3465,4
3466,4
3467,4
3468,4
3469,4
3470,4
3471,4
3472,4
3473,4
3474,4
3475,3
3476,4
3477,4
3478,4
3479,4
3480,4
3481,4
3482,4
3483,3
3484,4
3485,4
3486,4
3487,4
3488,4
3489,3
3490,4
3491,4
3492,3
3493,4
3494,4
3495,4
3496,4
3497,4
3498,4
3499,4
3500,4
3501,4
3502,4
3503,4
3504,4
3505,4
3506,4
3507,4
3508,4
3509,4
3510,4
3511,4
3512,4
3513,4
3514,4
3515,4
3516,4
3517,4
3518,4
3519,4
3520,4
3521,4
3522,4
3523,4
3524,4
3525,4
3526,4
3527,4
3528,4
3529,4
3530,4
3531,4
3532,4
3533,4
3534,4
3535,4
3536,4
3537,4
3538,4
3539,4
3540,4
3541,4
3542,4
3543,4
3544,4
3545,4
3546,4
3547,4
3548,4
3549,4
3550,4
3551,4
3552,4
3553,4
3554,4
3555,4
3556,4
3557,4
3558,4
3559,4
3560,4
3561,4
3562,4
3563,4
3564,4
3565,4
3566,4
3567,4
3568,4
3569,4
3570,4
3571,4
3572,4
3573,4
3574,4
3575,4
3576,3
3577,0
3578,3
3579,0
3580,0
3581,4
3582,4
3583,0
3584,4
3585,0
3586,4
3587,4
3588,3
3589,0
3590,4
3591,3
3592,4
3593,4
3594,4
3595,4
3596,4
3597,4
3598,4
3599,0
3600,4
3601,4
3602,4
3603,0
3604,4
3605,4
3606,4
3607,4
3608,4
3609,4
3610,4
3611,4
3612,4
3613,3
3614,4
3615,4
3616,0
3617,4
3618,4
3619,4
3620,4
3621,0
3622,3
3623,4
3624,4
3625,4
3626,4
3627,4
3628,4
3629,4
3630,4
3631,4
3632,4
3633,3
3634,4
3635,4
3636,4
3637,4
3638,4
3639,4
3640,4
3641,3
3642,4
3643,4
3644,4
3645,3
3646,4
3647,3
3648,3
3649,4
3650,4
3651,4
3652,4
3653,4
3654,4
3655,4
3656,4
3657,3
3658,4
3659,3
3660,4
3661,4
3662,4
3663,4
3664,4
3665,4
3666,4
3667,4
3668,4
3669,3
3670,3
3671,4
3672,3
3673,3
3674,4
3675,4
3676,4
3677,4
3678,4
3679,3
3680,4
3681,4
3682,4
3683,4
3684,4
3685,4
3686,4
3687,3
3688,3
3689,3
3690,4
3691,4
3692,3
3693,4
3694,4
3695,4
3696,3
3697,4
3698,3
3699,4
3700,4
3701,4
3702,4
3703,4
3704,4
3705,0
3706,3
3707,3
3708,3
3709,3
3710,4
3711,4
3712,4
3713,4
3714,4
3715,4
3716,4
3717,4
3718,4
3719,4
3720,4
3721,4
3722,4
3723,3
3724,4
3725,3
3726,4
3727,4
3728,4
3729,4
3730,4
3731,4
3732,4
3733,4
3734,4
3735,4
3736,3
3737,4
3738,4
3739,4
3740,4
3741,3
3742,4
3743,3
3744,4
3745,4
3746,4
3747,4
3748,3
3749,4
3750,4
3751,4
3752,4
3753,4
3754,4
3755,4
3756,4
3757,3
3758,4
3759,4
3760,4
3761,4
3762,3
3763,4
3764,4
3765,3
3766,4
3767,4
3768,4
3769,3
3770,4
3771,3
3772,4
3773,4
3774,4
3775,4
3776,4
3777,3
3778,3
3779,4
3780,4
3781,4
3782,4
3783,4
3784,4
3785,4
3786,4
3787,4
3788,4
3789,4
3790,4
3791,4
3792,4
3793,4
3794,4
3795,4
3796,4
3797,4
3798,4
3799,4
3800,4
3801,4
3802,4
3803,4
3804,4
3805,3
3806,4
3807,4
3808,4
3809,4
3810,4
3811,4
3812,4
3813,4
3814,3
3815,4
3816,3
3817,4
3818,4
3819,4
3820,4
3821,4
3822,4
3823,4
3824,4
3825,4
3826,4
3827,4
3828,4
3829,4
3830,4
3831,4
3832,4
3833,4
3834,4
3835,4
3836,4
3837,4
3838,4
3839,4
3840,4
3841,4
3842,4
3843,3
3844,4
3845,4
3846,4
3847,4
3848,4
3849,4
3850,4
3851,4
3852,4
3853,3
3854,4
3855,4
3856,4
3857,4
3858,4
3859,4
3860,4
3861,4
3862,4
3863,3
3864,4
3865,4
3866,4
3867,3
3868,4
3869,4
3870,4
3871,4
3872,4
3873,3
3874,4
3875,3
3876,4
3877,4
3878,4
3879,4
3880,4
3881,4
3882,3
3883,4
3884,4
3885,4
3886,4
3887,4
3888,4
3889,4
3890,4
3891,3
3892,4
3893,3
3894,4
3895,4
3896,4
3897,3
3898,4
3899,4
3900,4
3901,3
3902,4
3903,4
3904,4
3905,4
3906,4
3907,4
3908,4
3909,4
3910,4
3911,4
3912,4
3913,4
3914,4
3915,4
3916,4
3917,3
3918,4
3919,3
3920,4
3921,4
3922,4
3923,4
3924,4
3925,4
3926,4
3927,4
3928,4
3929,4
3930,4
3931,4
3932,4
3933,4
3934,4
3935,4
3936,4
3937,4
3938,3
3939,3
3940,4
3941,4
3942,4
3943,4
3944,3
3945,4
3946,4
3947,3
3948,4
3949,4
3950,3
3951,4
3952,4
3953,4
3954,3
3955,3
3956,4
3957,5
3958,4
3959,0
3960,4
3961,2
3962,3
3963,3
3964,4
3965,4
3966,4
3967,4
3968,4
3969,4
3970,4
3971,4
3972,2
3973,4
3974,4
3975,4
3976,4
3977,3
3978,4
3979,3
3980,4
3981,4
3982,4
3983,4
3984,4
3985,0
3986,4
3987,4
3988,4
3989,4
3990,4
3991,4
3992,4
3993,4
3994,4
3995,4
3996,4
3997,4
3998,4
3999,4
4000,4
4001,4
4002,4
4003,4
4004,4
4005,4
4006,1
4007,4
4008,4
4009,3
4010,2
4011,4
4012,4
4013,4
4014,4
4015,4
4016,4
4017,4
4018,4
4019,3
4020,4
4021,4
4022,4
4023,4
4024,4
4025,4
4026,4
4027,4
4028,4
4029,4
4030,4
4031,4
4032,4
4033,4
4034,4
4035,4
4036,4
4037,4
4038,4
4039,4
4040,4
4041,4
4042,4
4043,4
4044,4
4045,4
4046,4
4047,4
4048,4
4049,4
4050,4
4051,4
4052,4
4053,4
4054,4
4055,4
4056,4
4057,4
4058,4
4059,4
4060,4
4061,4
4062,3
4063,3
4064,4
4065,4
4066,3
4067,4
4068,4
4069,4
4070,3
4071,4
4072,4
4073,4
4074,4
4075,3
4076,4
4077,3
4078,3
4079,4
4080,4
4081,4
4082,4
4083,4
4084,4
4085,4
4086,4
4087,4
4088,4
4089,4
4090,4
4091,4
4092,4
4093,4
4094,4
4095,4
4096,4
4097,4
4098,4
4099,4
4100,4
4101,4
4102,4
4103,4
4104,4
4105,4
4106,4
4107,4
4108,4
4109,4
4110,4
4111,4
4112,4
4113,4
4114,3
4115,4
4116,4
4117,4
4118,4
4119,4
4120,4
4121,4
4122,4
4123,4
4124,4
4125,3
4126,4
4127,1
4128,4
4129,4
4130,0
4131,4
4132,4
4133,4
4134,0
4135,3
4136,3
4137,0
4138,3
4139,0
4140,4
4141,4
4142,4
4143,4
4144,4
4145,4
4146,4
4147,4
4148,4
4149,4
4150,4
4151,4
4152,3
4153,4
4154,4
4155,4
4156,4
4157,4
4158,4
4159,4
4160,4
4161,1
4162,3
4163,4
4164,3
4165,3
4166,4
4167,3
4168,3
4169,4
4170,4
4171,3
4172,4
4173,4
4174,3
4175,4
4176,3
4177,0
4178,4
4179,4
4180,4
4181,3
4182,4
4183,4
4184,4
4185,3
4186,3
4187,2
4188,4
4189,4
4190,4
4191,4
4192,4
4193,4
4194,2
4195,4
4196,4
4197,4
4198,4
4199,3
4200,4
4201,0
4202,4
4203,4
4204,3
4205,4
4206,4
4207,4
4208,4
4209,3
4210,3
4211,4
4212,4
4213,4
4214,4
4215,4
4216,4
4217,4
4218,0
4219,3
4220,3
4221,3
4222,4
4223,4
4224,4
4225,3
4226,2
4227,4
4228,4
4229,4
4230,2
4231,4
4232,4
4233,4
4234,4
4235,4
4236,4
4237,4
4238,4
4239,4
4240,4
4241,4
4242,4
4243,4
4244,4
4245,4
4246,4
4247,4
4248,4
4249,4
4250,4
4251,3
4252,4
4253,2
4254,4
4255,4
4256,0
4257,4
4258,3
4259,3
4260,4
4261,4
4262,4
4263,4
4264,4
4265,0
4266,4
4267,3
4268,3
4269,0
4270,0
4271,4
4272,4
4273,0
4274,4
4275,4
4276,4
4277,4
4278,0
4279,4
4280,4
4281,4
4282,4
4283,4
4284,4
4285,4
4286,4
4287,4
4288,4
4289,4
4290,4
4291,4
4292,4
4293,4
4294,3
4295,4
4296,3
4297,4
4298,4
4299,4
4300,4
4301,4
4302,4
4303,0
4304,4
4305,4
4306,4
4307,0
4308,0
4309,4
4310,4
4311,4
4312,4
4313,4
4314,4
4315,0
4316,4
4317,4
4318,4
4319,4
4320,4
4321,4
4322,4
4323,4
4324,4
4325,4
4326,4
4327,4
4328,4
4329,4
4330,4
4331,3
4332,4
4333,4
4334,4
4335,4
4336,3
4337,4
4338,4
4339,4
4340,3
4341,4
4342,4
4343,4
4344,4
4345,4
4346,4
4347,4
4348,4
4349,3
4350,4
4351,4
4352,4
4353,4
4354,4
4355,4
4356,3
4357,3
4358,4
4359,4
4360,3
4361,3
4362,3
4363,3
4364,4
4365,4
4366,3
4367,3
4368,4
4369,3
4370,4
4371,4
4372,4
4373,3
4374,4
4375,2
4376,4
4377,4
4378,4
4379,3
4380,4
4381,4
4382,4
4383,3
4384,3
4385,4
4386,3
4387,4
4388,4
4389,3
4390,4
4391,4
4392,3
4393,4
4394,4
4395,4
4396,4
4397,4
4398,3
4399,4
4400,3
4401,4
4402,3
4403,4
4404,4
4405,4
4406,3
4407,3
4408,4
4409,4
4410,4
4411,4
4412,3
4413,4
4414,3
4415,3
4416,4
4417,3
4418,4
4419,4
4420,4
4421,4
4422,4
4423,4
4424,4
4425,4
4426,4
4427,4
4428,4
4429,3
4430,3
4431,0
4432,3
4433,4
4434,4
4435,4
4436,4
4437,4
4438,4
4439,3
4440,4
4441,4
4442,3
4443,4
4444,3
4445,3
4446,4
4447,4
4448,4
4449,4
4450,4
4451,0
4452,5
4453,4
4454,4
4455,4
4456,4
4457,0
4458,4
4459,0
4460,4
4461,4
4462,0
4463,3
4464,4
4465,0
4466,4
4467,3
4468,4
4469,4
4470,3
4471,0
4472,3
4473,4
4474,4
4475,0
4476,4
4477,5
4478,4
4479,4
4480,4
4481,4
4482,0
4483,4
4484,4
4485,0
4486,4
4487,4
4488,3
4489,0
4490,4
4491,4
4492,2
4493,2
4494,4
4495,4
4496,4
4497,3
4498,2
4499,4
4500,4
4501,4
4502,4
4503,4
4504,0
4505,4
4506,4
4507,4
4508,4
4509,2
4510,3
4511,3
4512,3
4513,3
4514,3
4515,4
4516,3
4517,4
4518,4
4519,4
4520,0
4521,4
4522,1
4523,4
4524,3
4525,4
4526,3
4527,4
4528,4
4529,3
4530,3
4531,3
4532,0
4533,4
4534,4
4535,4
4536,4
4537,0
4538,0
4539,5
4540,4
4541,4
4542,4
4543,0
4544,3
4545,3
4546,0
4547,3
4548,0
4549,0
4550,0
4551,0
4552,3
4553,4
4554,4
4555,3
4556,4
4557,4
4558,4
4559,3
4560,4
4561,4
4562,0
4563,4
4564,0
4565,0
4566,4
4567,4
4568,4
4569,4
4570,4
4571,4
4572,3
4573,4
4574,4
4575,4
4576,4
4577,4
4578,4
4579,4
4580,4
4581,4
4582,3
4583,3
4584,4
4585,4
4586,4
4587,4
4588,4
4589,4
4590,4
4591,4
4592,4
4593,3
4594,3
4595,3
4596,4
4597,3
4598,4
4599,3
4600,3
4601,4
4602,4
4603,4
4604,4
4605,3
4606,4
4607,3
4608,3
4609,3
4610,3
4611,4
4612,4
4613,4
4614,3
4615,4
4616,4
4617,4
4618,3
4619,4
4620,4
4621,4
4622,4
4623,4
4624,3
4625,4
4626,3
4627,4
4628,4
4629,4
4630,4
4631,4
4632,4
4633,4
4634,4
4635,4
4636,4
4637,4
4638,3
4639,3
4640,4
4641,3
4642,3
4643,4
4644,4
4645,4
4646,3
4647,3
4648,4
4649,4
4650,3
4651,2
4652,4
4653,2
4654,4
4655,4
4656,3
4657,2
4658,4
4659,3
4660,4
4661,4
4662,4
4663,4
4664,3
4665,3
4666,4
4667,3
4668,4
4669,2
4670,3
4671,4
4672,4
4673,4
4674,4
4675,4
4676,4
4677,4
4678,4
4679,3
4680,3
4681,4
4682,3
4683,4
4684,4
4685,3
4686,4
4687,4
4688,4
4689,3
4690,3
4691,4
4692,3
4693,3
4694,4
4695,4
4696,4
4697,0
4698,4
4699,4
4700,4
4701,3
4702,4
4703,4
4704,4
4705,4
4706,4
4707,3
4708,4
4709,4
4710,4
4711,4
4712,4
4713,4
4714,4
4715,4
4716,3
4717,4
4718,4
4719,4
4720,4
4721,3
4722,4
4723,4
4724,4
4725,4
4726,1
4727,4
4728,2
4729,4
4730,4
4731,4
4732,4
4733,4
4734,4
4735,4
4736,4
4737,4
4738,4
4739,4
4740,4
4741,4
4742,4
4743,4
4744,4
4745,4
4746,4
4747,4
4748,4
4749,4
4750,4
4751,4
4752,3
4753,4
4754,4
4755,4
4756,4
4757,4
4758,4
4759,4
4760,4
4761,4
4762,4
4763,3
4764,4
4765,4
4766,4
4767,4
4768,4
4769,4
4770,4
4771,4
4772,4
4773,4
4774,4
4775,4
4776,0
4777,4
4778,4
4779,4
4780,4
4781,4
4782,3
4783,4
4784,4
4785,3
4786,4
4787,2
4788,4
4789,4
4790,2
4791,4
4792,4
4793,4
4794,4
4795,4
4796,4
4797,4
4798,4
4799,4
4800,4
4801,4
4802,4
4803,4
4804,4
4805,4
4806,4
4807,4
4808,4
4809,4
4810,4
4811,4
4812,4
4813,4
4814,4
4815,4
4816,4
4817,4
4818,4
4819,3
4820,4
4821,4
4822,4
4823,4
4824,4
4825,4
4826,3
4827,4
4828,2
4829,4
4830,4
4831,2
4832,3
4833,4
4834,4
4835,4
4836,4
4837,4
4838,4
4839,4
4840,4
4841,4
4842,4
4843,3
4844,4
4845,0
4846,3
4847,3
4848,0
4849,4
4850,4
4851,4
4852,4
4853,4
4854,4
4855,4
4856,4
4857,3
4858,4
4859,4
4860,4
4861,4
4862,4
4863,4
4864,4
4865,4
4866,4
4867,3
4868,4
4869,4
4870,4
4871,4
4872,4
4873,4
4874,4
4875,4
4876,4
4877,3
4878,3
4879,4
4880,4
4881,4
4882,4
4883,4
4884,0
4885,4
4886,4
4887,4
4888,4
4889,0
4890,4
4891,4
4892,4
4893,4
4894,0
4895,4
4896,4
4897,3
4898,3
4899,3
4900,3
4901,3
4902,3
4903,3
4904,1
4905,1
4906,1
4907,3
4908,3
4909,3
4910,2
4911,4
4912,2
4913,2
4914,3
4915,4
4916,3
4917,4
4918,3
4919,3
4920,3
4921,3
4922,3
4923,4
4924,3
4925,1
4926,2
4927,4
4928,4
4929,3
4930,4
4931,4
4932,3
4933,3
4934,3
4935,2
4936,3
4937,3
4938,4
4939,3
4940,3
4941,3
4942,4
4943,3
4944,3
4945,3
4946,4
4947,4
4948,4
4949,4
4950,4
4951,4
4952,3
4953,3
4954,4
4955,4
4956,4
4957,4
4958,4
4959,3
4960,3
4961,3
4962,4
4963,4
4964,4
4965,4
4966,4
4967,4
4968,4
4969,4
4970,3
4971,4
4972,4
4973,3
4974,4
4975,4
4976,4
4977,4
4978,4
4979,4
4980,4
4981,3
4982,4
4983,4
4984,3
4985,3
4986,4
4987,4
4988,5
4989,4
4990,4
4991,4
4992,3
4993,3
4994,4
4995,1
4996,4
4997,4
4998,4
4999,4
5000,4
5001,4
5002,4
5003,4
5004,4
5005,4
5006,4
5007,4
5008,4
5009,3
5010,4
5011,3
5012,4
5013,3
5014,4
5015,4
5016,4
5017,3
5018,3
5019,4
5020,4
5021,4
5022,4
5023,0
5024,4
5025,4
5026,4
5027,4
5028,3
5029,0
5030,3
5031,3
5032,4
5033,4
5034,0
5035,3
5036,3
5037,4
5038,4
5039,2
5040,4
5041,2
5042,4
5043,3
5044,4
5045,3
5046,4
5047,4
5048,2
5049,4
5050,0
5051,0
5052,0
5053,4
5054,3
5055,4
5056,0
5057,4
5058,4
5059,0
5060,3
5061,0
5062,4
5063,3
5064,5
5065,4
5066,4
5067,4
5068,0
5069,4
5070,3
5071,4
5072,0
5073,4
5074,4
5075,4
5076,4
5077,4
5078,4
5079,4
5080,4
5081,4
5082,4
5083,4
5084,4
5085,3
5086,0
5087,4
5088,0
5089,4
5090,0
5091,3
5092,3
5093,0
5094,4
5095,4
5096,0
5097,3
5098,0
5099,0
5100,0
5101,0
5102,2
5103,4
5104,3
5105,4
5106,0
5107,0
5108,5
5109,0
5110,0
5111,0
5112,0
5113,0
5114,0
5115,0
5116,0
5117,3
5118,5
5119,0
5120,0
5121,4
5122,0
5123,0
5124,0
5125,5
5126,0
5127,0
5128,4
5129,4
5130,4
5131,0
5132,0
5133,3
5134,0
5135,0
5136,0
5137,2
5138,4
5139,5
5140,0
5141,0
5142,0
5143,3
5144,3
5145,5
5146,4
5147,0
5148,5
5149,3
5150,4
5151,1
5152,0
5153,4
5154,0
5155,0
5156,4
5157,0
5158,3
5159,0
5160,0
5161,0
5162,0
5163,0
5164,0
5165,0
5166,0
5167,3
5168,0
5169,0
5170,0
5171,0
5172,0
5173,2
5174,0
5175,3
5176,0
5177,0
5178,4
5179,3
5180,3
5181,3
5182,4
5183,4
5184,3
5185,4
5186,3
5187,3
5188,4
5189,4
5190,3
5191,4
5192,3
5193,4
5194,4
5195,4
5196,5
5197,3
5198,4
5199,3
5200,3
5201,4
5202,4
5203,4
5204,4
5205,4
5206,4
5207,4
5208,0
5209,4
5210,4
5211,3
5212,3
5213,0
5214,3
5215,3
5216,2
5217,0
5218,0
5219,3
5220,3
5221,4
5222,3
5223,4
5224,4
5225,4
5226,4
5227,4
5228,4
5229,0
5230,5
5231,0
5232,0
5233,2
5234,0
5235,4
5236,2
5237,5
5238,5
5239,2
5240,0
5241,3
5242,4
5243,0
5244,4
5245,5
5246,5
5247,0
5248,4
5249,0
5250,0
5251,5
5252,4
5253,0
5254,4
5255,0
5256,0
5257,4
5258,4
5259,0
5260,5
5261,4
5262,0
5263,5
5264,0
5265,0
5266,0
5267,4
5268,5
5269,0
5270,0
5271,0
5272,4
5273,4
5274,0
5275,3
5276,4
5277,4
5278,4
5279,3
5280,4
5281,0
5282,3
5283,4
5284,4
5285,3
5286,3
5287,4
5288,0
5289,0
5290,0
5291,3
5292,3
5293,3
5294,4
5295,3
5296,0
5297,4
5298,0
5299,4
5300,0
5301,0
5302,0
5303,0
5304,4
5305,3
5306,4
5307,0
5308,4
5309,3
5310,4
5311,3
5312,4
5313,3
5314,4
5315,4
5316,4
5317,4
5318,4
5319,4
5320,4
5321,4
5322,4
5323,4
5324,4
5325,4
5326,4
5327,4
5328,4
5329,4
5330,4
5331,3
5332,4
5333,4
5334,4
5335,4
5336,4
5337,4
5338,4
5339,4
5340,4
5341,4
5342,4
5343,4
5344,4
5345,4
5346,4
5347,4
5348,4
5349,4
5350,4
5351,3
5352,3
5353,4
5354,4
5355,3
5356,4
5357,2
5358,3
5359,3
5360,4
5361,4
5362,4
5363,4
5364,4
5365,3
5366,3
5367,4
5368,3
5369,4
5370,4
5371,3
5372,3
5373,4
5374,4
5375,4
5376,4
5377,4
5378,4
5379,3
5380,4
5381,4
5382,4
5383,4
5384,4
5385,4
5386,4
5387,4
5388,4
5389,4
5390,3
5391,4
5392,4
5393,4
5394,4
5395,4
5396,4
5397,3
5398,4
5399,4
5400,4
5401,4
5402,3
5403,4
5404,4
5405,4
5406,4
5407,0
5408,4
5409,4
5410,4
5411,4
5412,4
5413,4
5414,0
5415,4
5416,4
5417,4
5418,4
5419,4
5420,4
5421,4
5422,4
5423,4
5424,4
5425,3
5426,3
5427,4
5428,4
5429,4
5430,4
5431,4
5432,4
5433,4
5434,4
5435,4
5436,4
5437,4
5438,4
5439,3
5440,4
5441,3
5442,4
5443,2
5444,4
5445,4
5446,4
5447,3
5448,4
5449,4
5450,5
5451,3
5452,4
5453,4
5454,3
5455,4
5456,4
5457,0
5458,2
5459,4
5460,4
5461,0
5462,4
5463,4
5464,4
5465,4
5466,4
5467,3
5468,4
5469,3
5470,4
5471,4
5472,4
5473,4
5474,4
5475,4
5476,3
5477,4
5478,4
5479,2
5480,0
5481,4
5482,5
5483,3
5484,0
5485,3
5486,0
5487,4
5488,3
5489,5
5490,4
5491,4
5492,4
5493,3
5494,0
5495,4
5496,4
5497,0
5498,0
5499,0
5500,0
5501,4
5502,4
5503,3
5504,4
5505,4
5506,5
5507,5
5508,0
5509,5
5510,0
5511,0
5512,4
5513,0
5514,2
5515,4
5516,4
5517,4
5518,4
5519,3
5520,4
5521,4
5522,4
5523,4
5524,4
5525,4
5526,4
5527,4
5528,4
5529,3
5530,4
5531,4
5532,4
5533,4
5534,4
5535,4
5536,4
5537,4
5538,4
5539,3
5540,4
5541,4
5542,4
5543,4
5544,3
5545,4
5546,3
5547,4
5548,4
5549,3
5550,3
5551,4
5552,3
5553,4
5554,3
5555,3
5556,2
5557,4
5558,3
5559,3
5560,4
5561,4
5562,3
5563,3
5564,0
5565,3
5566,4
5567,3
5568,4
5569,4
5570,4
5571,3
5572,3
5573,3
5574,3
5575,0
5576,4
5577,4
5578,4
5579,2
5580,2
5581,4
5582,4
5583,4
5584,4
5585,4
5586,3
5587,3
5588,3
5589,4
5590,4
5591,4
5592,4
5593,4
5594,4
5595,4
5596,4
5597,4
5598,4
5599,4
5600,4
5601,4
5602,4
5603,4
5604,2
5605,4
5606,4
5607,4
5608,4
5609,4
5610,4
5611,4
5612,4
5613,4
5614,3
5615,3
5616,4
5617,4
5618,4
5619,4
5620,4
5621,4
5622,4
5623,4
5624,4
5625,4
5626,4
5627,4
5628,4
5629,4
5630,3
5631,4
5632,4
5633,4
5634,4
5635,4
5636,3
5637,3
5638,4
5639,4
5640,4
5641,4
5642,3
5643,3
5644,4
5645,4
5646,4
5647,3
5648,4
5649,4
5650,3
5651,4
5652,3
5653,3
5654,3
5655,4
5656,4
5657,4
5658,3
5659,4
5660,2
5661,3
5662,2
5663,3
5664,3
5665,3
5666,4
5667,3
5668,4
5669,0
5670,3
5671,3
5672,4
5673,4
5674,4
5675,4
5676,0
5677,0
5678,4
5679,4
5680,0
5681,4
5682,0
5683,0
5684,3
5685,5
5686,4
5687,0
5688,0
5689,4
5690,0
5691,3
5692,4
5693,4
5694,0
5695,4
5696,4
5697,3
5698,4
5699,4
5700,3
5701,4
5702,4
5703,4
5704,4
5705,3
5706,3
5707,4
5708,3
5709,3
5710,2
5711,3
5712,2
5713,0
5714,4
5715,3
5716,3
5717,4
5718,4
5719,4
5720,4
5721,3
5722,3
5723,4
5724,4
5725,4
5726,3
5727,4
5728,4
5729,4
5730,0
5731,4
5732,4
5733,4
5734,0
5735,4
5736,1
5737,4
5738,4
5739,0
5740,4
5741,4
5742,0
5743,4
5744,4
5745,4
5746,4
5747,4
5748,4
5749,4
5750,0
5751,3
5752,4
5753,0
5754,0
5755,4
5756,0
5757,0
5758,4
5759,4
5760,3
5761,3
5762,0
5763,5
5764,4
5765,4
5766,4
5767,4
5768,4
5769,2
5770,2
5771,0
5772,4
5773,4
5774,3
5775,4
5776,5
5777,3
5778,4
5779,4
5780,4
5781,4
5782,4
5783,3
5784,4
5785,4
5786,3
5787,4
5788,0
5789,4
5790,4
5791,4
5792,0
5793,0
5794,4
5795,5
5796,0
5797,4
5798,0
5799,3
5800,0
5801,3
5802,4
5803,3
5804,0
5805,3
5806,4
5807,0
5808,3
5809,0
5810,0
5811,3
5812,0
5813,3
5814,3
5815,4
5816,0
5817,0
5818,4
5819,4
5820,4
5821,4
5822,5
5823,4
5824,0
5825,4
5826,4
5827,3
5828,5
5829,4
5830,4
5831,4
5832,0
5833,0
5834,0
5835,0
5836,3
5837,0
5838,0
5839,0
5840,0
5841,0
5842,4
5843,0
5844,3
5845,0
5846,0
5847,4
5848,4
5849,4
5850,4
5851,0
5852,5
5853,0
5854,0
5855,0
5856,4
5857,0
5858,3
5859,3
5860,4
5861,4
5862,4
5863,4
5864,4
5865,4
5866,4
5867,4
5868,4
5869,4
5870,4
5871,4
5872,4
5873,4
5874,3
5875,3
5876,4
5877,4
5878,3
5879,4
5880,4
5881,4
5882,0
5883,3
5884,3
5885,4
5886,4
5887,3
5888,4
5889,4
5890,3
5891,0
5892,3
5893,4
5894,4
5895,4
5896,3
5897,3
5898,4
5899,4
5900,4
5901,4
5902,4
5903,4
5904,4
5905,3
5906,4
5907,4
5908,2
5909,3
5910,4
5911,4
5912,4
5913,2
5914,2
5915,4
5916,3
5917,5
5918,0
5919,3
5920,4
5921,0
5922,4
5923,0
5924,0
5925,0
5926,4
5927,0
5928,4
5929,4
5930,4
5931,4
5932,4
5933,4
5934,3
5935,4
5936,4
5937,4
5938,4
5939,4
5940,4
5941,1
5942,0
5943,0
5944,3
5945,0
5946,4
5947,4
5948,4
5949,2
5950,4
5951,0
5952,3
5953,4
5954,4
5955,4
5956,4
5957,4
5958,2
5959,3
5960,3
5961,4
5962,4
5963,3
5964,4
5965,3
5966,5
5967,0
5968,4
5969,4
5970,4
5971,4
5972,4
5973,4
5974,3
5975,4
5976,0
5977,0
5978,1
5979,4
5980,4
5981,4
5982,4
5983,4
5984,4
5985,0
5986,3
5987,2
5988,4
5989,4
5990,3
5991,0
5992,0
5993,4
5994,4
5995,2
5996,5
5997,3
5998,0
5999,3
6000,4
6001,4
6002,4
6003,4
6004,4
6005,4
6006,4
6007,4
6008,1
6009,3
6010,4
6011,0
6012,4
6013,4
6014,4
6015,3
6016,3
6017,4
6018,4
6019,4
6020,4
6021,3
6022,4
6023,4
6024,4
6025,4
6026,4
6027,4
6028,4
6029,4
6030,5
6031,4
6032,3
6033,4
6034,3
6035,4
6036,3
6037,4
6038,4
6039,3
6040,3
6041,3
6042,3
6043,5
6044,4
6045,5
6046,4
6047,4
6048,4
6049,4
6050,4
6051,4
6052,4
6053,4
6054,4
6055,5
6056,4
6057,4
6058,4
6059,3
6060,4
6061,4
6062,4
6063,4
6064,4
6065,3
6066,4
6067,4
6068,4
6069,4
6070,3
6071,4
6072,4
6073,4
6074,4
6075,4
6076,4
6077,4
6078,4
6079,4
6080,4
6081,4
6082,4
6083,4
6084,4
6085,0
6086,4
6087,4
6088,3
6089,4
6090,3
6091,3
6092,4
6093,4
6094,4
6095,4
6096,4
6097,4
6098,4
6099,2
6100,3
6101,4
6102,4
6103,3
6104,4
6105,4
6106,4
6107,3
6108,4
6109,0
6110,0
6111,4
6112,2
6113,4
6114,0
6115,3
6116,4
6117,0
6118,0
6119,3
6120,4
6121,2
6122,0
6123,2
6124,4
6125,4
6126,4
6127,2
6128,4
6129,4
6130,4
6131,4
6132,4
6133,2
6134,3
6135,1
6136,4
6137,3
6138,0
6139,0
6140,4
6141,2
6142,4
6143,0
6144,4
6145,0
6146,5
6147,0
6148,4
6149,0
6150,0
6151,0
6152,0
6153,0
6154,0
6155,4
6156,3
6157,0
6158,0
6159,4
6160,4
6161,3
6162,0
6163,0
6164,0
6165,0
6166,4
6167,3
6168,2
6169,4
6170,0
6171,5
6172,0
6173,0
6174,0
6175,4
6176,0
6177,4
6178,3
6179,0
6180,4
6181,4
6182,0
6183,4
6184,4
6185,4
6186,0
6187,3
6188,4
6189,4
6190,0
6191,4
6192,0
6193,4
6194,4
6195,3
6196,3
6197,4
6198,4
6199,0
6200,4
6201,2
6202,4
6203,4
6204,4
6205,4
6206,4
6207,4
6208,0
6209,4
6210,4
6211,4
6212,3
6213,4
6214,4
6215,4
6216,4
6217,4
6218,4
6219,4
6220,4
6221,2
6222,4
6223,3
6224,3
6225,0
6226,4
6227,3
6228,4
6229,0
6230,0
6231,0
6232,5
6233,0
6234,0
6235,0
6236,4
6237,0
6238,5
6239,0
6240,0
6241,4
6242,4
6243,0
6244,4
6245,4
6246,0
6247,3
6248,2
6249,2
6250,0
6251,4
6252,4
6253,3
6254,4
6255,4
6256,3
6257,0
6258,0
6259,0
6260,0
6261,0
6262,4
6263,3
6264,4
6265,4
6266,5
6267,3
6268,3
6269,4
6270,4
6271,3
6272,5
6273,4
6274,3
6275,5
6276,4
6277,0
6278,0
6279,4
6280,4
6281,3
6282,4
6283,4
6284,3
6285,4
6286,4
6287,4
6288,4
6289,4
6290,4
6291,0
6292,0
6293,4
6294,4
6295,4
6296,4
6297,4
6298,4
6299,4
6300,4
6301,4
6302,4
6303,4
6304,4
6305,4
6306,4
6307,4
6308,2
6309,4
6310,3
6311,4
6312,3
6313,3
6314,4
6315,4
6316,3
6317,4
6318,0
6319,1
6320,0
6321,4
6322,4
6323,4
6324,3
6325,0
6326,4
6327,3
6328,0
6329,0
6330,5
6331,4
6332,4
6333,0
6334,0
6335,0
6336,0
6337,0
6338,4
6339,0
6340,4
6341,4
6342,5
6343,4
6344,4
6345,0
6346,3
6347,4
6348,4
6349,4
6350,4
6351,3
6352,4
6353,4
6354,4
6355,4
6356,3
6357,0
6358,4
6359,2
6360,0
6361,4
6362,4
6363,5
6364,5
6365,0
6366,0
6367,0
6368,4
6369,4
6370,4
6371,4
6372,5
6373,3
6374,4
6375,5
6376,4
6377,0
6378,4
6379,2
6380,4
6381,4
6382,4
6383,4
6384,4
6385,3
6386,3
6387,4
6388,4
6389,0
6390,4
6391,5
6392,4
6393,0
6394,0
6395,4
6396,5
6397,4
6398,5
6399,0
6400,4
6401,4
6402,4
6403,4
6404,3
6405,4
6406,4
6407,4
6408,3
6409,4
6410,3
6411,3
6412,3
6413,4
6414,3
6415,4
6416,4
6417,4
6418,4
6419,4
6420,4
6421,4
6422,5
6423,3
6424,3
6425,0
6426,4
6427,4
6428,0
6429,4
6430,0
6431,4
6432,4
6433,0
6434,0
6435,0
6436,0
6437,0
6438,4
6439,4
6440,4
6441,4
6442,4
6443,0
6444,0
6445,0
6446,4
6447,4
6448,4
6449,4
6450,4
6451,3
6452,3
6453,4
6454,4
6455,4
6456,0
6457,3
6458,3
6459,4
6460,0
6461,3
6462,4
6463,3
6464,0
6465,4
6466,4
6467,5
6468,3
6469,0
6470,0
6471,4
6472,3
6473,0
6474,4
6475,0
6476,4
6477,4
6478,0
6479,0
6480,0
6481,0
6482,0
6483,0
6484,5
6485,4
6486,4
6487,0
6488,0
6489,4
6490,1
6491,4
6492,0
6493,4
6494,5
6495,4
6496,4
6497,4
6498,3
6499,0
6500,3
6501,3
6502,0
6503,3
6504,3
6505,4
6506,4
6507,4
6508,0
6509,4
6510,4
6511,3
6512,4
6513,3
6514,3
6515,4
6516,4
6517,4
6518,0
6519,0
6520,4
6521,3
6522,4
6523,4
6524,4
6525,3
6526,3
6527,0
6528,0
6529,4
6530,0
6531,4
6532,1
6533,4
6534,4
6535,4
6536,3
6537,4
6538,4
6539,3
6540,3
6541,4
6542,0
6543,4
6544,0
6545,0
6546,4
6547,4
6548,3
6549,4
6550,4
6551,4
6552,4
6553,4
6554,4
6555,0
6556,3
6557,4
6558,3
6559,0
6560,0
6561,4
6562,3
6563,3
6564,4
6565,4
6566,3
6567,0
6568,4
6569,0
6570,4
6571,4
6572,3
6573,4
6574,4
6575,4
6576,4
6577,4
6578,4
6579,4
6580,4
6581,3
6582,2
6583,3
6584,4
6585,4
6586,4
6587,4
6588,3
6589,3
6590,3
6591,4
6592,3
6593,5
6594,4
6595,4
6596,0
6597,4
6598,0
6599,4
6600,4
6601,4
6602,1
6603,4
6604,5
6605,5
6606,0
6607,3
6608,4
6609,4
6610,3
6611,3
6612,4
6613,0
6614,4
6615,3
6616,4
6617,3
6618,4
6619,2
6620,1
6621,4
6622,2
6623,0
6624,0
6625,3
6626,4
6627,3
6628,3
6629,4
6630,4
6631,4
6632,3
6633,0
6634,0
6635,4
6636,4
6637,0
6638,0
6639,0
6640,2
6641,0
6642,0
6643,3
6644,0
6645,3
6646,5
6647,4
6648,4
6649,4
6650,4
6651,4
6652,3
6653,0
6654,4
6655,3
6656,4
6657,0
6658,4
6659,0
6660,4
6661,3
6662,4
6663,1
6664,0
6665,0
6666,4
6667,0
6668,0
6669,0
6670,0
6671,0
6672,0
6673,4
6674,3
6675,4
6676,4
6677,3
6678,4
6679,4
6680,4
6681,4
6682,4
6683,0
6684,4
6685,1
6686,4
6687,4
6688,4
6689,0
6690,4
6691,4
6692,0
6693,0
6694,4
6695,0
6696,0
6697,4
6698,4
6699,0
6700,5
6701,0
6702,3
6703,0
6704,0
6705,4
6706,0
6707,4
6708,4
6709,4
6710,0
6711,0
6712,4
6713,4
6714,4
6715,3
6716,2
6717,4
6718,2
6719,4
6720,4
6721,4
6722,4
6723,4
6724,4
6725,4
6726,5
6727,5
6728,3
6729,4
6730,3
6731,4
6732,0
6733,0
6734,0
6735,3
6736,0
6737,4
6738,0
6739,3
6740,3
6741,4
6742,0
6743,0
6744,4
6745,4
6746,0
6747,4
6748,4
6749,4
6750,0
6751,0
6752,4
6753,0
6754,3
6755,0
6756,3
6757,3
6758,3
6759,4
6760,4
6761,4
6762,4
6763,3
6764,4
6765,2
6766,4
6767,2
6768,4
6769,3
6770,3
6771,4
6772,4
6773,3
6774,3
6775,3
6776,4
6777,4
6778,0
6779,3
6780,0
6781,4
6782,3
6783,5
6784,4
6785,3
6786,4
6787,3
6788,3
6789,3
6790,2
6791,3
6792,2
6793,3
6794,4
6795,0
6796,4
6797,4
6798,4
6799,4
6800,0
6801,0
6802,4
6803,0
6804,0
6805,0
6806,3
6807,5
6808,0
6809,0
6810,4
6811,4
6812,1
6813,4
6814,3
6815,0
6816,5
6817,0
6818,0
6819,0
6820,4
6821,0
6822,4
6823,5
6824,4
6825,4
6826,0
6827,4
6828,0
6829,0
6830,4
6831,0
6832,0
6833,3
6834,0
6835,0
6836,3
6837,2
6838,0
6839,0
6840,5
6841,0
6842,0
6843,0
6844,0
6845,4
6846,0
6847,4
6848,4
6849,4
6850,4
6851,5
6852,5
6853,0
6854,0
6855,0
6856,4
6857,0
6858,4
6859,0
6860,4
6861,5
6862,0
6863,5
6864,0
6865,0
6866,0
6867,4
6868,0
6869,0
6870,3
6871,0
6872,0
6873,0
6874,4
6875,0
6876,0
6877,4
6878,0
6879,0
6880,0
6881,4
6882,4
6883,4
6884,2
6885,4
6886,4
6887,3
6888,0
6889,4
6890,0
6891,3
6892,4
6893,0
6894,3
6895,4
6896,3
6897,3
6898,4
6899,2
6900,4
6901,4
6902,4
6903,2
6904,0
6905,4
6906,4
6907,4
6908,4
6909,3
6910,4
6911,4
6912,0
6913,4
6914,3
6915,0
6916,0
6917,0
6918,0
6919,4
6920,4
6921,4
6922,3
6923,2
6924,4
6925,4
6926,4
6927,4
6928,0
6929,4
6930,4
6931,4
6932,0
6933,0
6934,4
6935,4
6936,4
6937,0
6938,0
6939,3
6940,0
6941,0
6942,4
6943,3
6944,4
6945,3
6946,4
6947,4
6948,1
6949,4
6950,0
6951,4
6952,0
6953,5
6954,0
6955,0
6956,0
6957,4
6958,2
6959,0
6960,4
6961,2
6962,0
6963,3
6964,4
6965,0
6966,4
6967,0
6968,4
6969,4
6970,3
6971,4
6972,4
6973,4
6974,4
6975,4
6976,4
6977,3
6978,3
6979,4
6980,4
6981,3
6982,4
6983,3
6984,4
6985,4
6986,4
6987,4
6988,4
6989,4
6990,4
6991,4
6992,3
6993,4
6994,4
6995,4
6996,4
6997,4
6998,4
6999,4
7000,4
7001,4
7002,4
7003,4
7004,4
7005,4
7006,4
7007,4
7008,4
7009,3
7010,4
7011,4
7012,4
7013,4
7014,3
7015,3
7016,2
7017,4
7018,4
7019,4
7020,4
7021,4
7022,4
7023,4
7024,4
7025,4
7026,4
7027,4
7028,4
7029,3
7030,3
7031,4
7032,4
7033,4
7034,0
7035,5
7036,4
7037,4
7038,0
7039,4
7040,0
7041,4
7042,4
7043,4
7044,4
7045,3
7046,4
7047,0
7048,2
7049,0
7050,3
7051,0
7052,3
7053,0
7054,4
7055,4
7056,0
7057,4
7058,0
7059,4
7060,0
7061,0
7062,3
7063,4
7064,0
7065,4
7066,4
7067,4
7068,4
7069,4
7070,2
7071,4
7072,4
7073,0
7074,0
7075,3
7076,4
7077,4
7078,4
7079,4
7080,4
7081,0
7082,3
7083,0
7084,0
7085,3
7086,4
7087,0
7088,2
7089,3
7090,3
7091,3
7092,0
7093,4
7094,3
7095,4
7096,3
7097,3
7098,3
7099,4
7100,5
7101,0
7102,4
7103,2
7104,3
7105,4
7106,4
7107,4
7108,3
7109,3
7110,4
7111,3
7112,4
7113,3
7114,0
7115,4
7116,0
7117,0
7118,3
7119,4
7120,0
7121,0
7122,5
7123,0
7124,3
7125,4
7126,1
7127,5
7128,4
7129,0
7130,0
7131,5
7132,4
7133,0
7134,4
7135,0
7136,5
7137,4
7138,0
7139,5
7140,0
7141,0
7142,5
7143,4
7144,1
7145,4
7146,4
7147,5
7148,4
7149,4
7150,3
7151,4
7152,3
7153,0
7154,0
7155,4
7156,0
7157,0
7158,0
7159,4
7160,0
7161,0
7162,3
7163,0
7164,5
7165,4
7166,0
7167,0
7168,0
7169,0
7170,5
7171,0
7172,0
7173,0
7174,0
7175,3
7176,0
7177,3
7178,4
7179,4
7180,0
7181,0
7182,0
7183,0
7184,0
7185,0
7186,4
7187,3
7188,0
7189,0
7190,0
7191,3
7192,4
7193,4
7194,3
7195,5
7196,4
7197,4
7198,4
7199,0
7200,3
7201,4
7202,0
7203,0
7204,5
7205,4
7206,4
7207,4
7208,0
7209,4
7210,4
7211,0
7212,5
7213,4
7214,0
7215,4
7216,4
7217,0
7218,4
7219,4
7220,0
7221,0
7222,0
7223,4
7224,0
7225,0
7226,0
7227,0
7228,0
7229,4
7230,0
7231,0
7232,0
7233,0
7234,0
7235,4
7236,4
7237,4
7238,2
7239,5
7240,4
7241,4
7242,2
7243,5
7244,4
7245,5
7246,0
7247,3
7248,4
7249,0
7250,3
7251,0
7252,0
7253,3
7254,1
7255,0
7256,0
7257,0
7258,5
7259,0
7260,4
7261,4
7262,0
7263,0
7264,0
7265,0
7266,2
7267,4
7268,0
7269,0
7270,5
7271,0
7272,0
7273,4
7274,0
7275,0
7276,0
7277,0
7278,0
7279,0
7280,4
7281,3
7282,4
7283,3
7284,4
7285,3
7286,2
7287,4
7288,4
7289,4
7290,4
7291,5
7292,4
7293,0
7294,0
7295,4
7296,0
7297,4
7298,4
7299,3
7300,3
7301,4
7302,3
7303,3
7304,4
7305,0
7306,0
7307,5
7308,0
7309,4
7310,4
7311,0
7312,0
7313,3
7314,4
7315,4
7316,4
7317,0
7318,0
7319,4
7320,5
7321,5
7322,0
7323,3
7324,4
7325,4
7326,4
7327,4
7328,4
7329,4
7330,3
7331,4
7332,0
7333,4
7334,3
7335,0
7336,4
7337,3
7338,3
7339,0
7340,4
7341,4
7342,0
7343,0
7344,0
7345,4
7346,0
7347,4
7348,4
7349,4
7350,4
7351,4
7352,3
7353,4
7354,4
7355,4
7356,4
7357,4
7358,3
7359,4
7360,4
7361,0
7362,4
7363,4
7364,4
7365,4
7366,3
7367,5
7368,3
7369,3
7370,0
7371,0
7372,4
7373,4
7374,4
7375,4
7376,0
7377,5
7378,0
7379,4
7380,0
7381,4
7382,0
7383,1
7384,0
7385,4
7386,0
7387,0
7388,0
7389,0
7390,0
7391,0
7392,4
7393,4
7394,0
7395,0
7396,0
7397,4
7398,4
7399,4
7400,0
7401,0
7402,5
7403,4
7404,4
7405,5
7406,2
7407,0
7408,4
7409,0
7410,0
7411,3
7412,4
7413,2
7414,4
7415,3
7416,1
7417,4
7418,5
7419,4
7420,4
7421,3
7422,5
7423,4
7424,4
7425,2
7426,4
7427,1
7428,3
7429,4
7430,4
7431,3
7432,0
7433,5
7434,0
7435,5
7436,4
7437,4
7438,3
7439,4
7440,0
7441,4
7442,5
7443,4
7444,5
7445,0
7446,3
7447,0
7448,0
7449,4
7450,3
7451,3
7452,4
7453,3
7454,3
7455,4
7456,2
7457,4
7458,4
7459,4
7460,0
7461,4
7462,4
7463,4
7464,3
7465,4
7466,5
7467,4
7468,4
7469,4
7470,4
7471,4
7472,0
7473,4
7474,4
7475,4
7476,0
7477,5
7478,5
7479,4
7480,4
7481,0
7482,5
7483,2
7484,4
7485,0
7486,0
7487,4
7488,0
7489,4
7490,4
7491,4
7492,4
7493,0
7494,0
7495,3
7496,4
7497,4
7498,4
7499,4
7500,4
7501,4
7502,0
7503,0
7504,0
7505,0
7506,5
7507,3
7508,4
7509,4
7510,4
7511,2
7512,2
7513,3
7514,5
7515,4
7516,0
7517,5
7518,2
7519,4
7520,4
7521,0
7522,0
7523,4
7524,2
7525,4
7526,0
7527,3
7528,0
7529,0
7530,4
7531,0
7532,0
7533,5
7534,5
7535,4
7536,4
7537,4
7538,4
7539,4
7540,4
7541,4
7542,4
7543,4
7544,4
7545,3
7546,4
7547,3
7548,4
7549,4
7550,4
7551,4
7552,4
7553,4
7554,4
7555,4
7556,4
7557,4
7558,4
7559,4
7560,3
7561,4
7562,4
7563,4
7564,4
7565,4
7566,4
7567,4
7568,3
7569,3
7570,4
7571,4
7572,4
7573,4
7574,3
7575,4
7576,4
7577,4
7578,4
7579,4
7580,4
7581,0
7582,4
7583,3
7584,4
7585,4
7586,4
7587,4
7588,4
7589,4
7590,4
7591,4
7592,4
7593,4
7594,4
7595,4
7596,4
7597,3
7598,4
7599,4
7600,4
7601,4
7602,4
7603,4
7604,4
7605,4
7606,3
7607,4
7608,4
7609,4
7610,4
7611,4
7612,4
7613,4
7614,3
7615,4
7616,3
7617,4
7618,4
7619,4
7620,3
7621,4
7622,0
7623,5
7624,4
7625,4
7626,4
7627,4
7628,3
7629,0
7630,4
7631,3
7632,3
7633,1
7634,4
7635,3
7636,1
7637,4
7638,4
7639,4
7640,3
7641,3
7642,0
7643,4
7644,2
7645,4
7646,4
7647,4
7648,4
7649,4
7650,4
7651,3
7652,0
7653,2
7654,4
7655,4
7656,4
7657,4
7658,2
7659,4
7660,4
7661,4
7662,4
7663,0
7664,4
7665,3
7666,4
7667,3
7668,4
7669,3
7670,4
7671,3
7672,4
7673,4
7674,4
7675,4
7676,3
7677,1
7678,4
7679,0
7680,4
7681,0
7682,4
7683,3
7684,3
7685,4
7686,4
7687,4
7688,4
7689,4
7690,4
7691,0
7692,3
7693,4
7694,0
7695,4
7696,5
7697,5
7698,5
7699,4
7700,3
7701,3
7702,0
7703,0
7704,4
7705,4
7706,4
7707,4
7708,4
7709,4
7710,0
7711,4
7712,0
7713,0
7714,0
7715,4
7716,4
7717,3
7718,4
7719,0
7720,0
7721,4
7722,2
7723,4
7724,0
7725,4
7726,0
7727,4
7728,0
7729,3
7730,0
7731,5
7732,0
7733,4
7734,3
7735,0
7736,4
7737,0
7738,3
7739,4
7740,4
7741,4
7742,4
7743,4
7744,4
7745,0
7746,2
7747,0
7748,0
7749,3
7750,4
7751,4
7752,4
7753,4
7754,5
7755,3
7756,5
7757,0
7758,2
7759,0
7760,3
7761,4
7762,3
7763,4
7764,4
7765,4
7766,4
7767,4
7768,4
7769,4
7770,4
7771,4
7772,3
7773,3
7774,4
7775,0
7776,3
7777,4
7778,0
7779,3
7780,4
7781,4
7782,4
7783,4
7784,4
7785,4
7786,4
7787,0
7788,3
7789,2
7790,0
7791,3
7792,4
7793,4
7794,4
7795,4
7796,3
7797,4
7798,3
7799,5
7800,0
7801,4
7802,3
7803,3
7804,0
7805,5
7806,1
7807,4
7808,4
7809,4
7810,4
7811,4
7812,4
7813,4
7814,3
7815,4
7816,3
7817,4
7818,3
7819,3
7820,3
7821,3
7822,4
7823,4
7824,4
7825,4
7826,4
7827,0
7828,4
7829,3
7830,4
7831,4
7832,0
7833,3
7834,4
7835,3
7836,4
7837,4
7838,2
7839,4
7840,4
7841,3
7842,5
7843,0
7844,4
7845,4
7846,4
7847,4
7848,3
7849,4
7850,4
7851,4
7852,2
7853,4
7854,0
7855,3
7856,4
7857,4
7858,4
7859,4
7860,4
7861,4
7862,0
7863,2
7864,4
7865,5
7866,3
7867,4
7868,4
7869,4
7870,3
7871,4
7872,5
7873,0
7874,0
7875,3
7876,3
7877,4
7878,0
7879,4
7880,4
7881,5
7882,0
7883,4
7884,0
7885,4
7886,3
7887,3
7888,0
7889,4
7890,3
7891,0
7892,4
7893,0
7894,3
7895,5
7896,5
7897,0
7898,0
7899,4
7900,3
7901,0
7902,4
7903,4
7904,4
7905,4
7906,4
7907,3
7908,3
7909,4
7910,4
7911,4
7912,2
7913,4
7914,2
7915,3
7916,4
7917,3
7918,4
7919,3
7920,4
7921,4
7922,4
7923,3
7924,4
7925,3
7926,1
7927,3
7928,3
7929,4
7930,3
7931,4
7932,3
7933,3
7934,4
7935,3
7936,4
7937,4
7938,4
7939,4
7940,4
7941,4
7942,4
7943,3
7944,4
7945,4
7946,3
7947,4
7948,4
7949,4
7950,4
7951,3
7952,3
7953,3
7954,4
7955,4
7956,4
7957,4
7958,4
7959,4
7960,4
7961,4
7962,4
7963,4
7964,4
7965,3
7966,2
7967,4
7968,4
7969,4
7970,4
7971,4
7972,4
7973,4
7974,4
7975,3
7976,4
7977,3
7978,2
7979,4
7980,4
7981,0
7982,4
7983,3
7984,4
7985,4
7986,4
7987,4
7988,4
7989,3
7990,1
7991,2
7992,3
7993,4
7994,0
7995,4
7996,4
7997,4
7998,4
7999,3
8000,4
8001,3
8002,3
8003,3
8004,4
8005,0
8006,4
8007,0
8008,4
8009,0
8010,3
8011,0
8012,4
8013,4
8014,5
8015,3
8016,3
8017,0
8018,5
8019,0
8020,4
8021,4
8022,3
8023,3
8024,4
8025,3
8026,4
8027,4
8028,4
8029,4
8030,4
8031,3
8032,4
8033,3
8034,4
8035,3
8036,4
8037,4
8038,4
8039,4
8040,4
8041,3
8042,4
8043,4
8044,3
8045,3
8046,3
8047,3
8048,3
8049,3
8050,4
8051,3
8052,3
8053,4
8054,4
8055,0
8056,4
8057,0
8058,5
8059,3
8060,0
8061,3
8062,0
8063,5
8064,3
8065,0
8066,0
8067,0
8068,0
8069,0
8070,0
8071,3
8072,0
8073,3
8074,3
8075,3
8076,0
8077,4
8078,0
8079,0
8080,0
8081,0
8082,4
8083,4
8084,4
8085,4
8086,4
8087,4
8088,4
8089,4
8090,4
8091,0
8092,3
8093,0
8094,0
8095,4
8096,4
8097,0
8098,4
8099,4
8100,4
8101,5
8102,5
8103,0
8104,5
8105,0
8106,0
8107,4
8108,4
8109,0
8110,0
8111,4
8112,0
8113,0
8114,0
8115,4
8116,4
8117,3
8118,4
8119,0
8120,4
8121,3
8122,3
8123,4
8124,4
8125,4
8126,4
8127,4
8128,4
8129,3
8130,4
8131,2
8132,4
8133,3
8134,4
8135,2
8136,3
8137,0
8138,4
8139,0
8140,0
8141,3
8142,3
8143,4
8144,4
8145,0
8146,5
8147,0
8148,0
8149,3
8150,0
8151,0
8152,4
8153,4
8154,0
8155,0
8156,3
8157,4
8158,4
8159,5
8160,0
8161,0
8162,2
8163,4
8164,4
8165,0
8166,4
8167,4
8168,4
8169,0
8170,3
8171,4
8172,4
8173,3
8174,4
8175,4
8176,4
8177,4
8178,4
8179,4
8180,4
8181,3
8182,4
8183,3
8184,3
8185,4
8186,4
8187,4
8188,4
8189,4
8190,4
8191,3
8192,4
8193,4
8194,4
8195,4
8196,4
8197,4
8198,4
8199,3
8200,3
8201,4
8202,4
8203,4
8204,3
8205,4
8206,0
8207,3
8208,4
8209,0
8210,0
8211,3
8212,4
8213,3
8214,4
8215,4
8216,2
8217,0
8218,0
8219,4
8220,4
8221,1
8222,4
8223,0
8224,4
8225,0
8226,4
8227,4
8228,3
8229,2
8230,5
8231,3
8232,0
8233,3
8234,5
8235,4
8236,3
8237,4
8238,4
8239,4
8240,3
8241,0
8242,0
8243,0
8244,4
8245,4
8246,4
8247,4
8248,4
8249,4
8250,4
8251,4
8252,4
8253,4
8254,4
8255,4
8256,4
8257,4
8258,1
8259,4
8260,5
8261,4
8262,0
8263,4
8264,4
8265,3
8266,4
8267,4
8268,4
8269,4
8270,4
8271,3
8272,4
8273,4
8274,4
8275,5
8276,4
8277,4
8278,0
8279,4
8280,0
8281,5
8282,0
8283,0
8284,3
8285,3
8286,4
8287,5
8288,4
8289,4
8290,4
8291,4
8292,4
8293,4
8294,4
8295,4
8296,3
8297,4
8298,4
8299,4
8300,4
8301,4
8302,4
8303,4
8304,4
8305,4
8306,3
8307,4
8308,4
8309,4
8310,3
8311,4
8312,4
8313,4
8314,4
8315,4
8316,3
8317,4
8318,0
8319,0
8320,4
8321,4
8322,0
8323,4
8324,4
8325,4
8326,4
8327,5
8328,0
8329,0
8330,0
8331,0
8332,0
8333,0
8334,0
8335,5
8336,4
8337,0
8338,0
8339,0
8340,0
8341,0
8342,0
8343,4
8344,0
8345,0
8346,0
8347,4
8348,0
8349,0
8350,4
8351,0
8352,4
8353,4
8354,0
8355,0
8356,0
8357,4
8358,0
8359,0
8360,3
8361,3
8362,4
8363,3
8364,3
8365,2
8366,4
8367,3
8368,3
8369,4
8370,3
8371,4
8372,3
8373,3
8374,4
8375,4
8376,3
8377,2
8378,4
8379,5
8380,3
8381,4
8382,4
8383,4
8384,0
8385,3
8386,4
8387,2
8388,5
8389,0
8390,0
8391,5
8392,4
8393,0
8394,4
8395,5
8396,4
8397,4
8398,4
8399,4
8400,4
8401,4
8402,3
8403,4
8404,4
8405,4
8406,4
8407,4
8408,4
8409,3
8410,4
8411,5
8412,4
8413,3
8414,0
8415,4
8416,3
8417,5
8418,3
8419,4
8420,4
8421,4
8422,2
8423,4
8424,4
8425,0
8426,4
8427,4
8428,4
8429,4
8430,2
8431,0
8432,4
8433,4
8434,3
8435,0
8436,4
8437,3
8438,4
8439,4
8440,4
8441,4
8442,4
8443,4
8444,4
8445,4
8446,4
8447,4
8448,4
8449,4
8450,4
8451,4
8452,4
8453,4
8454,4
8455,4
8456,4
8457,4
8458,4
8459,4
8460,4
8461,4
8462,4
8463,4
8464,4
8465,4
8466,4
8467,4
8468,3
8469,2
8470,3
8471,3
8472,4
8473,3
8474,2
8475,3
8476,3
8477,3
8478,2
8479,4
8480,4
8481,3
8482,4
8483,4
8484,4
8485,3
8486,4
8487,3
8488,0
8489,0
8490,0
8491,4
8492,4
8493,5
8494,4
8495,0
8496,4
8497,4
8498,4
8499,0
8500,4
8501,0
8502,0
8503,4
8504,0
8505,0
8506,0
8507,4
8508,2
8509,0
8510,0
8511,4
8512,4
8513,4
8514,4
8515,3
8516,3
8517,4
8518,3
8519,4
8520,4
8521,4
8522,4
8523,4
8524,4
8525,3
8526,5
8527,4
8528,4
8529,3
8530,4
8531,4
8532,4
8533,4
8534,4
8535,4
8536,4
8537,4
8538,4
8539,3
8540,4
8541,3
8542,4
8543,2
8544,4
8545,3
8546,4
8547,4
8548,0
8549,2
8550,4
8551,3
8552,2
8553,2
8554,4
8555,3
8556,0
8557,3
8558,4
8559,3
8560,3
8561,3
8562,0
8563,3
8564,3
8565,0
8566,0
8567,0
8568,0
8569,2
8570,4
8571,2
8572,5
8573,0
8574,4
8575,0
8576,0
8577,0
8578,0
8579,0
8580,0
8581,0
8582,5
8583,0
8584,3
8585,2
8586,4
8587,4
8588,0
8589,2
8590,4
8591,5
8592,2
8593,0
8594,3
8595,3
8596,5
8597,0
8598,0
8599,0
8600,0
8601,5
8602,0
8603,0
8604,4
8605,0
8606,0
8607,0
8608,4
8609,2
8610,4
8611,4
8612,0
8613,4
8614,0
8615,3
8616,0
8617,4
8618,4
8619,4
8620,4
8621,4
8622,4
8623,4
8624,4
8625,4
8626,4
8627,4
8628,4
8629,4
8630,4
8631,4
8632,4
8633,4
8634,4
8635,4
8636,4
8637,3
8638,4
8639,4
8640,4
8641,4
8642,4
8643,4
8644,4
8645,4
8646,4
8647,4
8648,4
8649,4
8650,3
8651,4
8652,4
8653,4
8654,4
8655,4
8656,4
8657,4
8658,4
8659,4
8660,4
8661,4
8662,4
8663,3
8664,4
8665,3
8666,4
8667,4
8668,4
8669,4
8670,4
8671,4
8672,4
8673,4
8674,4
8675,4
8676,4
8677,4
8678,4
8679,4
8680,4
8681,4
8682,4
8683,4
8684,4
8685,4
8686,4
8687,3
8688,4
8689,4
8690,0
8691,4
8692,4
8693,4
8694,4
8695,4
8696,4
8697,4
8698,0
8699,4
8700,4
8701,4
8702,4
8703,3
8704,4
8705,4
8706,4
8707,4
8708,4
8709,4
8710,4
8711,3
8712,4
8713,4
8714,3
8715,4
8716,2
8717,4
8718,4
8719,4
8720,4
8721,4
8722,4
8723,4
8724,4
8725,4
8726,4
8727,3
8728,4
8729,0
8730,2
8731,3
8732,4
8733,3
8734,3
8735,4
8736,4
8737,3
8738,4
8739,3
8740,3
8741,4
8742,4
8743,3
8744,3
8745,3
8746,4
8747,3
8748,4
8749,4
8750,4
8751,4
8752,0
8753,4
8754,4
8755,4
8756,4
8757,4
8758,4
8759,3
8760,4
8761,4
8762,4
8763,4
8764,4
8765,4
8766,4
8767,3
8768,4
8769,4
8770,4
8771,4
8772,4
8773,3
8774,4
8775,3
8776,3
8777,4
8778,4
8779,4
8780,4
8781,4
8782,4
8783,4
8784,4
8785,4
8786,4
8787,4
8788,3
8789,3
8790,3
8791,4
8792,3
8793,4
8794,4
8795,4
8796,4
8797,4
8798,4
8799,3
8800,4
8801,4
8802,3
8803,4
8804,4
8805,4
8806,4
8807,3
8808,3
8809,4
8810,4
8811,3
8812,3
8813,3
8814,3
8815,3
8816,3
8817,3
8818,3
8819,3
8820,1
8821,4
8822,0
8823,3
8824,4
8825,0
8826,2
8827,3
8828,0
8829,3
8830,3
8831,0
8832,3
8833,0
8834,0
8835,3
8836,3
8837,4
8838,1
8839,0
8840,4
8841,3
8842,0
8843,4
8844,3
8845,4
8846,4
8847,4
8848,4
8849,0
8850,4
8851,0
8852,4
8853,3
8854,0
8855,3
8856,4
8857,1
8858,3
8859,1
8860,4
8861,5
8862,4
8863,4
8864,4
8865,3
8866,4
8867,4
8868,0
8869,5
8870,0
8871,0
8872,0
8873,0
8874,5
8875,1
8876,0
8877,0
8878,4
8879,4
8880,4
8881,2
8882,0
8883,4
8884,0
8885,0
8886,4
8887,4
8888,5
8889,4
8890,3
8891,3
8892,3
8893,4
8894,4
8895,3
8896,4
8897,4
8898,4
8899,4
8900,4
8901,4
8902,4
8903,4
8904,4
8905,4
8906,3
8907,4
8908,4
8909,4
8910,3
8911,4
8912,4
8913,4
8914,4
8915,4
8916,3
8917,4
8918,4
8919,4
8920,4
8921,0
8922,4
8923,4
8924,4
8925,4
8926,4
8927,3
8928,0
8929,4
8930,3
8931,3
8932,2
8933,2
8934,3
8935,4
8936,2
8937,4
8938,2
8939,0
8940,4
8941,0
8942,2
8943,3
8944,3
8945,3
8946,2
8947,4
8948,2
8949,4
8950,3
8951,2
8952,2
8953,4
8954,4
8955,5
8956,4
8957,4
8958,4
8959,4
8960,4
8961,3
8962,4
8963,3
8964,3
8965,0
8966,5
8967,3
8968,0
8969,0
8970,2
8971,3
8972,4
8973,0
8974,4
8975,3
8976,2
8977,4
8978,4
8979,2
8980,4
8981,4
8982,3
8983,4
8984,4
8985,0
8986,4
8987,0
8988,0
8989,4
8990,4
8991,3
8992,4
8993,4
8994,4
8995,4
8996,4
8997,4
8998,4
8999,0
9000,3
9001,0
9002,5
9003,4
9004,0
9005,4
9006,4
9007,4
9008,5
9009,0
9010,5
9011,2
9012,0
9013,3
9014,0
9015,0
9016,0
9017,3
9018,4
9019,0
9020,0
9021,0
9022,3
9023,4
9024,4
9025,0
9026,4
9027,3
9028,4
9029,4
9030,0
9031,4
9032,4
9033,4
9034,4
9035,4
9036,4
9037,4
9038,4
9039,5
9040,4
9041,4
9042,4
9043,0
9044,4
9045,3
9046,4
9047,0
9048,4
9049,4
9050,4
9051,4
9052,0
9053,0
9054,0
9055,4
9056,5
9057,4
9058,0
9059,4
9060,3
9061,5
9062,4
9063,4
9064,4
9065,3
9066,4
9067,3
9068,4
9069,3
9070,3
9071,4
9072,3
9073,4
9074,0
9075,0
9076,0
9077,0
9078,4
9079,4
9080,4
9081,4
9082,4
9083,0
9084,4
9085,4
9086,3
9087,0
9088,3
9089,5
9090,4
9091,3
9092,4
9093,4
9094,4
9095,4
9096,0
9097,0
9098,4
9099,4
9100,4
9101,0
9102,4
9103,4
9104,0
9105,4
9106,4
9107,4
9108,4
9109,0
9110,0
9111,4
9112,4
9113,0
9114,4
9115,0
9116,4
9117,4
9118,0
9119,5
9120,4
9121,4
9122,4
9123,0
9124,4
9125,0
9126,4
9127,4
9128,4
9129,3
9130,4
9131,0
9132,4
9133,0
9134,4
9135,4
9136,0
9137,0
9138,4
9139,0
9140,4
9141,4
9142,4
9143,4
9144,4
9145,3
9146,4
9147,4
9148,0
9149,4
9150,4
9151,4
9152,4
9153,4
9154,4
9155,2
9156,4
9157,3
9158,4
9159,4
9160,4
9161,4
9162,3
9163,4
9164,4
9165,4
9166,4
9167,4
9168,3
9169,3
9170,4
9171,4
9172,4
9173,3
9174,4
9175,4
9176,1
9177,3
9178,5
9179,4
9180,0
9181,4
9182,3
9183,0
9184,4
9185,0
9186,3
9187,3
9188,5
9189,0
9190,0
9191,4
9192,4
9193,3
9194,5
9195,0
9196,3
9197,4
9198,0
9199,0
9200,4
9201,0
9202,4
9203,3
9204,2
9205,4
9206,0
9207,4
9208,4
9209,0
9210,0
9211,3
9212,3
9213,3
9214,3
9215,4
9216,4
9217,4
9218,5
9219,3
9220,3
9221,4
9222,4
9223,3
9224,0
9225,4
9226,4
9227,4
9228,4
9229,3
9230,3
9231,0
9232,3
9233,4
9234,0
9235,0
9236,3
9237,0
9238,4
9239,4
9240,0
9241,3
9242,4
9243,4
9244,3
9245,5
9246,5
9247,5
9248,4
9249,0
9250,0
9251,4
9252,0
9253,4
9254,5
9255,0
9256,4
9257,0
9258,4
9259,4
9260,4
9261,0
9262,0
9263,4
9264,0
9265,5
9266,4
9267,3
9268,4
9269,3
9270,2
9271,0
9272,3
9273,3
9274,3
9275,3
9276,3
9277,3
9278,4
9279,3
9280,3
9281,3
9282,5
9283,2
9284,0
9285,3
9286,2
9287,3
9288,2
9289,3
9290,5
9291,0
9292,3
9293,5
9294,0
9295,4
9296,0
9297,4
9298,0
9299,0
9300,0
9301,5
9302,0
9303,4
9304,4
9305,4
9306,0
9307,4
9308,4
9309,0
9310,0
9311,4
9312,0
9313,4
9314,4
9315,4
9316,4
9317,2
9318,4
9319,0
9320,0
9321,0
9322,0
9323,4
9324,0
9325,4
9326,4
9327,2
9328,4
9329,0
9330,0
9331,0
9332,3
9333,0
9334,3
9335,4
9336,3
9337,0
9338,4
9339,4
9340,4
9341,5
9342,4
9343,4
9344,3
9345,4
9346,0
9347,4
9348,4
9349,4
9350,4
9351,4
9352,4
9353,4
9354,4
9355,4
9356,4
9357,4
9358,3
9359,4
9360,4
9361,4
9362,4
9363,3
9364,3
9365,5
9366,4
9367,0
9368,3
9369,4
9370,0
9371,0
9372,3
9373,0
9374,3
9375,3
9376,4
9377,4
9378,3
9379,4
9380,4
9381,4
9382,3
9383,4
9384,3
9385,4
9386,3
9387,4
9388,4
9389,3
9390,4
9391,4
9392,4
9393,4
9394,3
9395,4
9396,4
9397,4
9398,4
9399,4
9400,4
9401,4
9402,3
9403,3
9404,4
9405,3
9406,3
9407,3
9408,4
9409,0
9410,0
9411,5
9412,0
9413,4
9414,0
9415,2
9416,3
9417,0
9418,0
9419,0
9420,4
9421,0
9422,3
9423,0
9424,4
9425,3
9426,2
9427,5
9428,4
9429,3
9430,3
9431,0
9432,4
9433,3
9434,3
9435,3
9436,3
9437,4
9438,4
9439,3
9440,4
9441,4
9442,4
9443,2
9444,5
9445,4
9446,4
9447,4
9448,0
9449,3
9450,4
9451,4
9452,4
9453,0
9454,4
9455,5
9456,4
9457,4
9458,0
9459,0
9460,0
9461,3
9462,4
9463,4
9464,3
9465,4
9466,0
9467,3
9468,4
9469,4
9470,4
9471,3
9472,4
9473,3
9474,4
9475,3
9476,4
9477,4
9478,4
9479,3
9480,4
9481,0
9482,3
9483,4
9484,3
9485,4
9486,4
9487,4
9488,4
9489,4
9490,4
9491,4
9492,3
9493,4
9494,4
9495,4
9496,5
9497,3
9498,5
9499,4
9500,4
9501,4
9502,0
9503,5
9504,0
9505,4
9506,4
9507,4
9508,4
9509,0
9510,4
9511,5
9512,5
9513,3
9514,0
9515,0
9516,4
9517,5
9518,5
9519,0
9520,4
9521,0
9522,4
9523,4
9524,4
9525,4
9526,4
9527,0
9528,4
9529,4
9530,5
9531,5
9532,0
9533,4
9534,4
9535,3
9536,5
9537,4
9538,4
9539,4
9540,4
9541,4
9542,3
9543,3
9544,4
9545,4
9546,4
9547,3
9548,0
9549,4
9550,0
9551,3
9552,4
9553,4
9554,4
9555,4
9556,4
9557,0
9558,4
9559,4
9560,4
9561,4
9562,4
9563,4
9564,4
9565,4
9566,4
9567,0
9568,4
9569,4
9570,4
9571,4
9572,4
9573,4
9574,4
9575,4
9576,4
9577,4
9578,4
9579,4
9580,4
9581,4
9582,3
9583,3
9584,3
9585,3
9586,4
9587,4
9588,3
9589,4
9590,3
9591,3
9592,4
9593,4
9594,4
9595,4
9596,4
9597,4
9598,4
9599,4
9600,4
9601,4
9602,4
9603,4
9604,4
9605,4
9606,4
9607,4
9608,4
9609,4
9610,4
9611,4
9612,0
9613,4
9614,4
9615,4
9616,4
9617,4
9618,4
9619,4
9620,4
9621,4
9622,3
9623,4
9624,4
9625,4
9626,4
9627,4
9628,4
9629,4
9630,4
9631,4
9632,4
9633,4
9634,4
9635,4
9636,4
9637,4
9638,4
9639,4
9640,4
9641,4
9642,4
9643,4
9644,4
9645,4
9646,3
9647,4
9648,0
9649,2
9650,4
9651,0
9652,0
9653,0
9654,0
9655,0
9656,0
9657,0
9658,0
9659,5
9660,0
9661,4
9662,0
9663,0
9664,0
9665,0
9666,0
9667,4
9668,4
9669,0
9670,0
9671,4
9672,0
9673,4
9674,4
9675,0
9676,4
9677,4
9678,4
9679,0
9680,4
9681,4
9682,4
9683,4
9684,4
9685,3
9686,4
9687,4
9688,4
9689,4
9690,4
9691,0
9692,0
9693,0
9694,3
9695,4
9696,3
9697,4
9698,0
9699,0
9700,0
9701,5
9702,4
9703,0
9704,0
9705,5
9706,0
9707,0
9708,4
9709,4
9710,4
9711,2
9712,4
9713,0
9714,0
9715,0
9716,4
9717,4
9718,4
9719,0
9720,4
9721,3
9722,0
9723,4
9724,4
9725,3
9726,4
9727,0
9728,3
9729,3
9730,0
9731,4
9732,4
9733,3
9734,3
9735,3
9736,3
9737,3
9738,4
9739,0
9740,4
9741,3
9742,3
9743,4
9744,4
9745,4
9746,3
9747,3
9748,4
9749,3
9750,4
9751,3
9752,4
9753,4
9754,4
9755,4
9756,3
9757,0
9758,4
9759,3
9760,4
9761,4
9762,3
9763,3
9764,4
9765,3
9766,5
9767,3
9768,4
9769,4
9770,4
9771,4
9772,0
9773,3
9774,4
9775,4
9776,3
9777,0
9778,4
9779,4
9780,4
9781,3
9782,0
9783,3
9784,4
9785,4
9786,4
9787,4
9788,4
9789,4
9790,4
9791,4
9792,4
9793,4
9794,4
9795,4
9796,4
9797,4
9798,3
9799,4
9800,1
9801,4
9802,4
9803,4
9804,4
9805,4
9806,5
9807,3
9808,4
9809,3
9810,5
9811,4
9812,4
9813,4
9814,4
9815,5
9816,4
9817,3
9818,4
9819,4
9820,0
9821,4
9822,4
9823,4
9824,4
9825,4
9826,3
9827,4
9828,4
9829,4
9830,4
9831,3
9832,4
9833,4
9834,0
9835,3
9836,4
9837,4
9838,3
9839,4
9840,4
9841,4
9842,4
9843,4
9844,3
9845,4
9846,4
9847,4
9848,4
9849,4
9850,4
9851,4
9852,4
9853,4
9854,4
9855,4
9856,4
9857,4
9858,4
9859,4
9860,4
9861,4
9862,4
9863,3
9864,3
9865,4
9866,0
9867,3
9868,4
9869,3
9870,3
9871,4
9872,3
9873,4
9874,0
9875,3
9876,4
9877,3
9878,0
9879,3
9880,4
9881,3
9882,0
9883,3
9884,0
9885,4
9886,4
9887,4
9888,4
9889,0
9890,1
9891,3
9892,3
9893,0
9894,4
9895,2
9896,0
9897,4
9898,0
9899,5
9900,4
9901,4
9902,0
9903,0
9904,4
9905,0
9906,4
9907,0
9908,3
9909,0
9910,0
9911,5
9912,0
9913,0
9914,0
9915,0
9916,0
9917,0
9918,0
9919,0
9920,0
9921,4
9922,3
9923,3
9924,0
9925,0
9926,3
9927,0
9928,0
9929,0
9930,0
9931,0
9932,4
9933,3
9934,0
9935,0
9936,4
9937,0
9938,0
9939,4
9940,3
9941,4
9942,4
9943,4
9944,4
9945,4
9946,2
9947,2
9948,2
9949,3
9950,3
9951,3
9952,3
9953,3
9954,3
9955,4
9956,0
9957,4
9958,3
9959,3
9960,4
9961,4
9962,0
9963,4
9964,0
9965,4
9966,3
9967,3
9968,4
9969,3
9970,4
9971,0
9972,0
9973,3
9974,4
9975,4
9976,3
9977,4
9978,4
9979,4
9980,0
9981,4
9982,4
9983,3
9984,3
9985,3
9986,4
9987,4
9988,4
9989,0
9990,0
9991,4
9992,0
9993,0
9994,0
9995,0
9996,3
9997,0
9998,4
9999,0
10000,0
10001,3
10002,0
10003,3
10004,0
10005,4
10006,4
10007,0
10008,3
10009,0
10010,3
10011,3
10012,3
10013,4
10014,4
10015,3
10016,4
10017,3
10018,4
10019,3
10020,3
10021,4
10022,4
10023,3
10024,3
10025,4
10026,4
10027,3
10028,3
10029,3
10030,4
10031,4
10032,4
10033,4
10034,4
10035,4
10036,4
10037,4
10038,4
10039,4
10040,4
10041,2
10042,4
10043,2
10044,3
10045,4
10046,2
10047,3
10048,4
10049,4
10050,2
10051,3
10052,2
10053,0
10054,4
10055,3
10056,4
10057,4
10058,4
10059,3
10060,4
10061,3
10062,4
10063,4
10064,4
10065,4
10066,3
10067,4
10068,3
10069,0
10070,4
10071,4
10072,4
10073,4
10074,4
10075,4
10076,2
10077,2
10078,0
10079,0
10080,0
10081,0
10082,1
10083,0
10084,0
10085,0
10086,4
10087,4
10088,4
10089,0
10090,0
10091,4
10092,4
10093,4
10094,0
10095,4
10096,4
10097,0
10098,4
10099,0
10100,4
10101,0
10102,0
10103,0
10104,0
10105,0
10106,0
10107,4
10108,0
10109,0
10110,0
10111,4
10112,4
10113,4
10114,4
10115,3
10116,4
10117,3
10118,4
10119,0
10120,4
10121,4
10122,4
10123,4
10124,3
10125,4
10126,3
10127,4
10128,3
10129,2
10130,3
10131,2
10132,4
10133,3
10134,3
10135,4
10136,2
10137,2
10138,4
10139,4
10140,4
10141,4
10142,3
10143,3
10144,4
10145,3
10146,4
10147,4
10148,4
10149,2
10150,3
10151,3
10152,3
10153,4
10154,4
10155,4
10156,4
10157,2
10158,3
10159,2
10160,4
10161,4
10162,4
10163,3
10164,2
10165,4
10166,5
10167,4
10168,3
10169,0
10170,4
10171,4
10172,4
10173,3
10174,3
10175,3
10176,0
10177,4
10178,4
10179,4
10180,0
10181,4
10182,4
10183,0
10184,0
10185,0
10186,4
10187,0
10188,4
10189,4
10190,4
10191,4
10192,4
10193,4
10194,3
10195,4
10196,3
10197,4
10198,4
10199,4
10200,4
10201,4
10202,4
10203,4
10204,3
10205,4
10206,4
10207,4
10208,4
10209,4
10210,4
10211,4
10212,4
10213,4
10214,0
10215,3
10216,3
10217,4
10218,4
10219,3
10220,4
10221,4
10222,3
10223,4
10224,4
10225,4
10226,4
10227,4
10228,4
10229,3
10230,4
10231,4
10232,0
10233,3
10234,4
10235,3
10236,0
10237,4
10238,4
10239,4
10240,4
10241,4
10242,4
10243,4
10244,4
10245,4
10246,4
10247,4
10248,4
10249,4
10250,3
10251,4
10252,4
10253,4
10254,4
10255,4
10256,0
10257,4
10258,4
10259,3
10260,4
10261,4
10262,4
10263,4
10264,4
10265,0
10266,5
10267,3
10268,4
10269,4
10270,4
10271,4
10272,4
10273,4
10274,4
10275,4
10276,4
10277,3
10278,4
10279,4
10280,4
10281,4
10282,4
10283,4
10284,3
10285,3
10286,4
10287,3
10288,4
10289,3
10290,4
10291,3
10292,4
10293,4
10294,4
10295,4
10296,4
10297,5
10298,4
10299,0
10300,4
10301,5
10302,4
10303,4
10304,4
10305,4
10306,4
10307,3
10308,4
10309,4
10310,4
10311,0
10312,4
10313,3
10314,0
10315,4
10316,4
10317,4
10318,4
10319,4
10320,4
10321,4
10322,2
10323,4
10324,1
10325,3
10326,5
10327,4
10328,0
10329,0
10330,0
10331,0
10332,0
10333,0
10334,0
10335,5
10336,4
10337,0
10338,0
10339,0
10340,4
10341,3
10342,0
10343,3
10344,0
10345,3
10346,0
10347,0
10348,0
10349,5
10350,0
10351,0
10352,0
10353,4
10354,0
10355,0
10356,0
10357,5
10358,0
10359,0
10360,3
10361,0
10362,4
10363,4
10364,0
10365,0
10366,0
10367,0
10368,0
10369,0
10370,4
10371,4
10372,4
10373,4
10374,3
10375,4
10376,3
10377,0
10378,4
10379,4
10380,4
10381,4
10382,4
10383,4
10384,3
10385,4
10386,4
10387,4
10388,3
10389,3
10390,3
10391,3
10392,3
10393,3
10394,4
10395,3
10396,4
10397,2
10398,4
10399,0
10400,1
10401,0
10402,0
10403,0
10404,0
10405,4
10406,4
10407,5
10408,4
10409,4
10410,4
10411,0
10412,4
10413,0
10414,0
10415,0
10416,5
10417,0
10418,0
10419,4
10420,4
10421,0
10422,0
10423,4
10424,2
10425,0
10426,4
10427,0
10428,2
10429,4
10430,4
10431,4
10432,0
10433,0
10434,4
10435,4
10436,4
10437,3
10438,3
10439,0
10440,4
10441,4
10442,4
10443,4
10444,4
10445,3
10446,3
10447,4
10448,3
10449,4
10450,4
10451,3
10452,4
10453,4
10454,2
10455,3
10456,3
10457,4
10458,2
10459,4
10460,4
10461,4
10462,4
10463,3
10464,2
10465,4
10466,4
10467,3
10468,3
10469,3
10470,3
10471,3
10472,19
10473,4
10474,3
10475,3
10476,3
10477,3
10478,3
10479,4
10480,4
10481,4
10482,4
10483,0
10484,4
10485,0
10486,4
10487,4
10488,0
10489,4
10490,4
10491,4
10492,4
10493,4
10494,0
10495,0
10496,0
10497,0
10498,4
10499,0
10500,3
10501,0
10502,4
10503,4
10504,4
10505,3
10506,4
10507,4
10508,4
10509,4
10510,0
10511,3
10512,3
10513,4
10514,3
10515,3
10516,4
10517,0
10518,3
10519,0
10520,3
10521,4
10522,4
10523,4
10524,0
10525,0
10526,4
10527,4
10528,0
10529,5
10530,0
10531,4
10532,0
10533,0
10534,0
10535,0
10536,0
10537,0
10538,0
10539,0
10540,4
10541,0
10542,0
10543,0
10544,0
10545,0
10546,0
10547,0
10548,0
10549,4
10550,0
10551,0
10552,4
10553,0
10554,3
10555,0
10556,4
10557,0
10558,0
10559,0
10560,0
10561,0
10562,1
10563,0
10564,5
10565,0
10566,4
10567,0
10568,3
10569,3
10570,4
10571,4
10572,4
10573,4
10574,4
10575,4
10576,4
10577,4
10578,2
10579,3
10580,3
10581,3
10582,4
10583,3
10584,3
10585,4
10586,4
10587,4
10588,3
10589,4
10590,4
10591,1
10592,3
10593,4
10594,4
10595,4
10596,4
10597,4
10598,4
10599,4
10600,3
10601,4
10602,5
10603,3
10604,4
10605,0
10606,0
10607,4
10608,0
10609,5
10610,3
10611,5
10612,0
10613,4
10614,4
10615,3
10616,4
10617,4
10618,0
10619,3
10620,3
10621,5
10622,0
10623,4
10624,2
10625,0
10626,0
10627,0
10628,4
10629,5
10630,3
10631,0
10632,3
10633,3
10634,4
10635,4
10636,4
10637,4
10638,4
10639,3
10640,3
10641,4
10642,3
10643,4
10644,4
10645,3
10646,4
10647,3
10648,3
10649,4
10650,0
10651,0
10652,4
10653,0
10654,0
10655,4
10656,5
10657,0
10658,0
10659,5
10660,0
10661,0
10662,0
10663,3
10664,0
10665,2
10666,4
10667,3
10668,0
10669,0
10670,0
10671,4
10672,0
10673,4
10674,0
10675,4
10676,0
10677,2
10678,3
10679,4
10680,4
10681,4
10682,4
10683,4
10684,4
10685,4
10686,4
10687,4
10688,4
10689,4
10690,5
10691,4
10692,0
10693,0
10694,0
10695,0
10696,0
10697,5
10698,0
10699,0
10700,0
10701,0
10702,0
10703,3
10704,0
10705,0
10706,4
10707,4
10708,0
10709,0
10710,3
10711,4
10712,4
10713,4
10714,4
10715,3
10716,4
10717,4
10718,3
10719,4
10720,4
10721,5
10722,4
10723,4
10724,4
10725,3
10726,4
10727,4
10728,4
10729,4
10730,4
10731,3
10732,4
10733,3
10734,0
10735,0
10736,0
10737,4
10738,3
10739,3
10740,4
10741,4
10742,5
10743,3
10744,0
10745,0
10746,0
10747,3
10748,0
10749,3
10750,4
10751,0
10752,3
10753,4
10754,4
10755,4
10756,4
10757,2
10758,4
10759,0
10760,4
10761,0
10762,0
10763,4
10764,0
10765,3
10766,2
10767,4
10768,3
10769,0
10770,4
10771,3
10772,0
10773,0
10774,0
10775,0
10776,5
10777,3
10778,4
10779,3
10780,4
10781,4
10782,3
10783,4
10784,4
10785,4
10786,4
10787,4
10788,0
10789,4
10790,4
10791,4
10792,4
10793,4
10794,0
10795,4
10796,4
10797,4
10798,0
10799,4
10800,4
10801,4
10802,4
10803,4
10804,4
10805,4
10806,0
10807,0
10808,0
10809,4
10810,4
10811,0
10812,4
10813,0
10814,4
10815,4
10816,0
10817,4
10818,0
10819,3
10820,5
10821,0
10822,0
10823,0
10824,0
10825,0
10826,4
10827,4
10828,3
10829,4
10830,3
10831,0
10832,3
10833,4
10834,4
10835,0
10836,4
10837,5
10838,0
10839,4
10840,4
